"prob.shore","prob.ship","prob.est","nstops","prob.surv","onshore","onship","containers","shore","shorestopM","shorestopSD","rmshoreS","rmshoreM","rmshoreSD","transferS","transferM","transferSD","rmtransS","rmtransM","rmtransSD","dierouteS","dierouteM","dierouteSD","establishS","establishM","establishSD"
0,0,0.9,1,0.9,0,0,100,0,0,0,0,0,0,0,0,0,0,0,0,100,1,0,0,0,0
0.1,0,0.9,1,0.9,0,0,100,12,0.12,0.32659863237109,0,0,0,0,0,0,0,0,0,100,1,0,9,0.0900000000000001,0.287623491264661
0.2,0,0.9,1,0.9,0,0,100,15,0.15,0.358870281282637,0,0,0,0,0,0,0,0,0,100,1,0,12,0.12,0.32659863237109
0.3,0,0.9,1,0.9,0,0,100,28,0.28,0.451260859854213,0,0,0,0,0,0,0,0,0,100,1,0,19,0.19,0.394277244403663
0.4,0,0.9,1,0.9,0,0,100,40,0.4,0.492365963917331,0,0,0,0,0,0,0,0,0,100,1,0,31,0.31,0.464823198711732
0.5,0,0.9,1,0.9,0,0,100,41,0.41,0.49431107042371,0,0,0,0,0,0,0,0,0,100,1,0,31,0.31,0.464823198711732
0.6,0,0.9,1,0.9,0,0,100,54,0.540000000000001,0.500908265962034,0,0,0,0,0,0,0,0,0,100,1,0,39,0.39,0.490207130000197
0.7,0,0.9,1,0.9,0,0,100,73,0.73,0.446196043338474,0,0,0,0,0,0,0,0,0,100,1,0,55,0.55,0.5
0.8,0,0.9,1,0.9,0,0,100,72,0.72,0.451260859854212,0,0,0,0,0,0,0,0,0,100,1,0,57,0.57,0.497569851956242
0.9,0,0.9,1,0.9,0,0,100,80,0.8,0.402015126103686,0,0,0,0,0,0,0,0,0,100,1,0,57,0.57,0.497569851956243
1,0,0.9,1,0.9,0,0,100,86,0.86,0.348735088019778,0,0,0,0,0,0,0,0,0,100,1,0,74,0.74,0.440844002276808
0,0,0.9,2,0.9,0,0,100,0,0,0,0,0,0,0,0,0,0,0,0,100,1,0,0,0,0
0.1,0,0.9,2,0.9,0,0,100,11,0.18,0.538985204347068,0,0,0,0,0,0,0,0,0,114,1.14,0.348735088019777,9,0.0900000000000001,0.287623491264661
0.2,0,0.9,2,0.9,0,0,100,25,0.38,0.707535200966044,0,0,0,0,0,0,0,0,0,106,1.06,0.238683256575942,19,0.19,0.394277244403663
0.3,0,0.9,2,0.9,0,0,100,42,0.540000000000001,0.70237691685685,0,0,0,0,0,0,0,0,0,107,1.07,0.256432399976243,38,0.38,0.487831731214563
0.4,0,0.9,2,0.9,0,0,100,59,0.830000000000001,0.792069275615294,0,0,0,0,0,0,0,0,0,107,1.07,0.256432399976243,42,0.42,0.496044963748858
0.5,0,0.9,2,0.9,0,0,100,64,0.849999999999999,0.74366007223079,0,0,0,0,0,0,0,0,0,109,1.09,0.287623491264662,48,0.48,0.502116731568678
0.6,0,0.9,2,0.9,0,0,100,72,0.900000000000001,0.674199862463243,0,0,0,0,0,0,0,0,0,108,1.08,0.272659924344291,57,0.57,0.497569851956243
0.7,0,0.9,2,0.9,0,0,100,76,0.89,0.601261300530104,0,0,0,0,0,0,0,0,0,105,1.05,0.21904291355759,65,0.65,0.479372485441102
0.8,0,0.9,2,0.9,0,0,100,84,0.95,0.519809599951771,0,0,0,0,0,0,0,0,0,101,1.01,0.1,63,0.63,0.48523658709391
0.9,0,0.9,2,0.9,0,0,100,88,0.97,0.459578199235039,0,0,0,0,0,0,0,0,0,102,1.02,0.14070529413629,62,0.62,0.487831731214563
1,0,0.9,2,0.9,0,0,100,91,0.91,0.287623491264661,0,0,0,0,0,0,0,0,0,100,1,0,71,0.71,0.456048021572068
0,0,0.9,3,0.9,0,0,100,0,0,0,0,0,0,0,0,0,0,0,0,100,1,0,0,0,0
0.1,0,0.9,3,0.9,0,0,100,16,0.35,0.868936421753919,0,0,0,0,0,0,0,0,0,131,1.31,0.677115092495248,13,0.13,0.337997668989631
0.2,0,0.9,3,0.9,0,0,100,41,0.86,1.15487547975415,0,0,0,0,0,0,0,0,0,132,1.32,0.617587355290037,25,0.25,0.435194139889245
0.3,0,0.9,3,0.9,0,0,100,44,0.759999999999999,1.00624313787735,0,0,0,0,0,0,0,0,0,123,1.23,0.529054808029366,31,0.31,0.464823198711732
0.4,0,0.9,3,0.9,0,0,100,56,0.900000000000001,1,0,0,0,0,0,0,0,0,0,129,1.29,0.573752489486468,43,0.43,0.497569851956243
0.5,0,0.9,3,0.9,0,0,100,74,1.15,0.94681816969503,0,0,0,0,0,0,0,0,0,116,1.16,0.443129367525598,60,0.6,0.492365963917331
0.6,0,0.9,3,0.9,0,0,100,86,1.27,0.839131344988026,0,0,0,0,0,0,0,0,0,111,1.11,0.399368187885502,64,0.64,0.482418151324422
0.7,0,0.9,3,0.9,0,0,100,85,1.18,0.770412456762839,0,0,0,0,0,0,0,0,0,108,1.08,0.338743966363203,61,0.61,0.490207130000197
0.8,0,0.9,3,0.9,0,0,100,85,1,0.568535243614961,0,0,0,0,0,0,0,0,0,107,1.07,0.293188669562103,65,0.65,0.479372485441102
0.9,0,0.9,3,0.9,0,0,100,83,0.9,0.481999203654147,0,0,0,0,0,0,0,0,0,102,1.02,0.14070529413629,62,0.62,0.487831731214564
1,0,0.9,3,0.9,0,0,100,89,0.89,0.31446603773522,0,0,0,0,0,0,0,0,0,100,1,0,60,0.6,0.492365963917331
0,0,0.9,4,0.9,0,0,100,0,0,0,0,0,0,0,0,0,0,0,0,100,1,0,0,0,0
0.1,0,0.9,4,0.9,0,0,100,26,0.560000000000001,1.07609469749637,0,0,0,0,0,0,0,0,0,137,1.37,0.786951668968895,19,0.19,0.394277244403663
0.2,0,0.9,4,0.9,0,0,100,41,0.800000000000001,1.11916274621936,0,0,0,0,0,0,0,0,0,129,1.29,0.700576962801433,33,0.33,0.472581562625261
0.3,0,0.9,4,0.9,0,0,100,58,1.13,1.26853928563207,0,0,0,0,0,0,0,0,0,158,1.58,0.996762435856886,43,0.43,0.497569851956243
0.4,0,0.9,4,0.9,0,0,100,60,1.33,1.40025250248199,0,0,0,0,0,0,0,0,0,138,1.38,0.775639195513069,47,0.47,0.501613558046592
0.5,0,0.9,4,0.9,0,0,100,78,1.27,0.993463485473773,0,0,0,0,0,0,0,0,0,124,1.24,0.605029425780768,54,0.54,0.500908265962033
0.6,0,0.9,4,0.9,0,0,100,76,1.07,0.843932593411477,0,0,0,0,0,0,0,0,0,117,1.17,0.513553671720273,59,0.59,0.49431107042371
0.7,0,0.9,4,0.9,0,0,100,82,1.09,0.753376239057058,0,0,0,0,0,0,0,0,0,112,1.12,0.432983541805861,60,0.6,0.492365963917331
0.8,0,0.9,4,0.9,0,0,100,86,1.11,0.694785774701291,0,0,0,0,0,0,0,0,0,106,1.06,0.371184290855335,73,0.73,0.446196043338474
0.9,0,0.9,4,0.9,0,0,100,81,0.87,0.485236587093909,0,0,0,0,0,0,0,0,0,103,1.03,0.171446607997765,62,0.62,0.487831731214564
1,0,0.9,4,0.9,0,0,100,92,0.92,0.272659924344291,0,0,0,0,0,0,0,0,0,100,1,0,68,0.68,0.46882617226215
0,0,0.9,5,0.9,0,0,100,0,0,0,0,0,0,0,0,0,0,0,0,100,1,0,0,0,0
0.1,0,0.9,5,0.9,0,0,100,23,0.53,1.15867391984339,0,0,0,0,0,0,0,0,0,203,2.03,1.4664944802508,17,0.17,0.377525168068637
0.2,0,0.9,5,0.9,0,0,100,53,1.28,1.60856294482832,0,0,0,0,0,0,0,0,0,148,1.48,0.999797959387775,38,0.38,0.487831731214563
0.3,0,0.9,5,0.9,0,0,100,64,1.34,1.4086314011275,0,0,0,0,0,0,0,0,0,143,1.43,0.94553709818304,46,0.46,0.500908265962033
0.4,0,0.9,5,0.9,0,0,100,72,1.51,1.42485157830632,0,0,0,0,0,0,0,0,0,135,1.35,0.88048425610713,53,0.53,0.501613558046592
0.5,0,0.9,5,0.9,0,0,100,79,1.44,1.2170505828486,0,0,0,0,0,0,0,0,0,119,1.19,0.525991127935317,60,0.6,0.492365963917331
0.6,0,0.9,5,0.9,0,0,100,83,1.33,1.02548337949289,0,0,0,0,0,0,0,0,0,121,1.21,0.591095541679972,62,0.62,0.487831731214563
0.7,0,0.9,5,0.9,0,0,100,83,1.01,0.627565441877087,0,0,0,0,0,0,0,0,0,106,1.06,0.277797979063414,64,0.64,0.482418151324422
0.8,0,0.9,5,0.9,0,0,100,84,1,0.603022689155527,0,0,0,0,0,0,0,0,0,100,1,0,62,0.62,0.487831731214564
0.9,0,0.9,5,0.9,0,0,100,88,0.94,0.42211588240887,0,0,0,0,0,0,0,0,0,102,1.02,0.14070529413629,69,0.69,0.464823198711732
1,0,0.9,5,0.9,0,0,100,88,0.88,0.326598632371091,0,0,0,0,0,0,0,0,0,100,1,0,67,0.67,0.47258156262526
0,0,0.9,6,0.9,0,0,100,0,0,0,0,0,0,0,0,0,0,0,0,100,1,0,0,0,0
0.1,0,0.9,6,0.9,0,0,100,4,0.04,0.196946385566932,0,0,0,0,0,0,0,0,0,113,1.13,0.337997668989631,3,0.03,0.171446607997765
0.2,0,0.9,6,0.9,0,0,100,56,1.63,1.92093727122985,0,0,0,0,0,0,0,0,0,185,1.85,1.40974243653716,38,0.38,0.487831731214563
0.3,0,0.9,6,0.9,0,0,100,70,1.57,1.53908670281693,0,0,0,0,0,0,0,0,0,137,1.37,0.860526031276829,51,0.51,0.502418393795691
0.4,0,0.9,6,0.9,0,0,100,77,1.67,1.56382721409865,0,0,0,0,0,0,0,0,0,136,1.36,1.03981350309184,57,0.57,0.497569851956243
0.5,0,0.9,6,0.9,0,0,100,80,1.41,1.27203805292169,0,0,0,0,0,0,0,0,0,124,1.24,0.683425714376264,56,0.56,0.498887651569859
0.6,0,0.9,6,0.9,0,0,100,78,1.18,0.957479857108063,0,0,0,0,0,0,0,0,0,113,1.13,0.418148878808116,60,0.6,0.492365963917331
0.7,0,0.9,6,0.9,0,0,100,86,1.23,0.827006284099096,0,0,0,0,0,0,0,0,0,115,1.15,0.5,66,0.66,0.476095228569524
0.8,0,0.9,6,0.9,0,0,100,87,0.95,0.457816513022367,0,0,0,0,0,0,0,0,0,102,1.02,0.14070529413629,62,0.62,0.487831731214563
0.9,0,0.9,6,0.9,0,0,100,85,0.93,0.476837223141962,0,0,0,0,0,0,0,0,0,101,1.01,0.1,63,0.63,0.48523658709391
1,0,0.9,6,0.9,0,0,100,89,0.89,0.31446603773522,0,0,0,0,0,0,0,0,0,100,1,0,73,0.73,0.446196043338474
0,0,0.9,7,0.9,0,0,100,0,0,0,0,0,0,0,0,0,0,0,0,100,1,0,0,0,0
0.1,0,0.9,7,0.9,0,0,100,35,1.12,1.92422094953419,0,0,0,0,0,0,0,0,0,194,1.94,1.73973178009332,25,0.25,0.435194139889245
0.2,0,0.9,7,0.9,0,0,100,57,1.63,1.92093727122985,0,0,0,0,0,0,0,0,0,148,1.48,1.11445960089193,44,0.44,0.498887651569859
0.3,0,0.9,7,0.9,0,0,100,69,1.64,1.66678787438049,0,0,0,0,0,0,0,0,0,145,1.45,1.14922020113948,52,0.52,0.502116731568678
0.4,0,0.9,7,0.9,0,0,100,64,1.2,1.32573593055923,0,0,0,0,0,0,0,0,0,133,1.33,0.739300788965937,48,0.48,0.502116731568678
0.5,0,0.9,7,0.9,0,0,100,78,1.35,1.15797629116882,0,0,0,0,0,0,0,0,0,121,1.21,0.607944043145387,57,0.57,0.497569851956243
0.6,0,0.9,7,0.9,0,0,100,85,1.27,0.930460948002427,0,0,0,0,0,0,0,0,0,117,1.17,0.532859638121892,64,0.64,0.482418151324422
0.7,0,0.9,7,0.9,0,0,100,79,1.06,0.763034876150639,0,0,0,0,0,0,0,0,0,112,1.12,0.408989886516436,58,0.58,0.496044963748858
0.8,0,0.9,7,0.9,0,0,100,84,1.02,0.619220755009345,0,0,0,0,0,0,0,0,0,106,1.06,0.277797979063414,58,0.58,0.496044963748858
0.9,0,0.9,7,0.9,0,0,100,86,0.9,0.414387707005374,0,0,0,0,0,0,0,0,0,102,1.02,0.14070529413629,66,0.66,0.476095228569524
1,0,0.9,7,0.9,0,0,100,92,0.92,0.272659924344291,0,0,0,0,0,0,0,0,0,100,1,0,70,0.7,0.460566186471838
0,0,0.9,8,0.9,0,0,100,0,0,0,0,0,0,0,0,0,0,0,0,100,1,0,0,0,0
0.1,0,0.9,8,0.9,0,0,100,39,1.65,2.47563888295282,0,0,0,0,0,0,0,0,0,230,2.3,1.96689777789464,31,0.31,0.464823198711732
0.2,0,0.9,8,0.9,0,0,100,55,1.73,2.13132007275427,0,0,0,0,0,0,0,0,0,183,1.83,1.68208024166326,42,0.42,0.496044963748858
0.3,0,0.9,8,0.9,0,0,100,63,1.38,1.43393222160659,0,0,0,0,0,0,0,0,0,145,1.45,1.01876336206147,47,0.47,0.501613558046592
0.4,0,0.9,8,0.9,0,0,100,67,1.54,1.56618303302305,0,0,0,0,0,0,0,0,0,141,1.41,0.985705920453034,48,0.48,0.502116731568678
0.5,0,0.9,8,0.9,0,0,100,80,1.41,1.31114107139198,0,0,0,0,0,0,0,0,0,131,1.31,0.872648355017731,58,0.58,0.496044963748858
0.6,0,0.9,8,0.9,0,0,100,83,1.32,1.09063969737716,0,0,0,0,0,0,0,0,0,111,1.11,0.373219679669936,68,0.68,0.46882617226215
0.7,0,0.9,8,0.9,0,0,100,81,1.11,0.839612705328769,0,0,0,0,0,0,0,0,0,108,1.08,0.338743966363203,65,0.65,0.479372485441102
0.8,0,0.9,8,0.9,0,0,100,83,0.95,0.575159178669767,0,0,0,0,0,0,0,0,0,102,1.02,0.14070529413629,65,0.65,0.479372485441102
0.9,0,0.9,8,0.9,0,0,100,90,0.94,0.39746672562593,0,0,0,0,0,0,0,0,0,101,1.01,0.1,75,0.75,0.435194139889245
1,0,0.9,8,0.9,0,0,100,93,0.93,0.256432399976243,0,0,0,0,0,0,0,0,0,100,1,0,73,0.73,0.446196043338474
0,0,0.9,9,0.9,0,0,100,0,0,0,0,0,0,0,0,0,0,0,0,100,1,0,0,0,0
0.1,0,0.9,9,0.9,0,0,100,46,1.77,2.50193864227262,0,0,0,0,0,0,0,0,0,202,2.02,1.95907626139969,36,0.36,0.482418151324422
0.2,0,0.9,9,0.9,0,0,100,61,2.08,2.33411242404491,0,0,0,0,0,0,0,0,0,199,1.99,1.84497680037972,45,0.45,0.5
0.3,0,0.9,9,0.9,0,0,100,63,1.6,1.6143297699233,0,0,0,0,0,0,0,0,0,147,1.47,1.01955625126569,50,0.5,0.502518907629606
0.4,0,0.9,9,0.9,0,0,100,67,1.43,1.43727435646698,0,0,0,0,0,0,0,0,0,123,1.23,0.600588936550675,55,0.55,0.5
0.5,0,0.9,9,0.9,0,0,100,84,1.49,1.15902257671425,0,0,0,0,0,0,0,0,0,121,1.21,0.624338033278432,71,0.71,0.456048021572068
0.6,0,0.9,9,0.9,0,0,100,86,1.24,0.792897766857032,0,0,0,0,0,0,0,0,0,116,1.16,0.46536615322309,58,0.58,0.496044963748858
0.7,0,0.9,9,0.9,0,0,100,82,1.07,0.699999999999999,0,0,0,0,0,0,0,0,0,112,1.12,0.455715665384423,61,0.61,0.490207130000198
0.8,0,0.9,9,0.9,0,0,100,83,1.01,0.674124947205223,0,0,0,0,0,0,0,0,0,108,1.08,0.338743966363203,57,0.57,0.497569851956243
0.9,0,0.9,9,0.9,0,0,100,92,1.09,0.514339823993296,0,0,0,0,0,0,0,0,0,100,1,0,75,0.75,0.435194139889245
1,0,0.9,9,0.9,0,0,100,91,0.91,0.287623491264661,0,0,0,0,0,0,0,0,0,100,1,0,75,0.75,0.435194139889245
0,0,0.9,10,0.9,0,0,100,0,0,0,0,0,0,0,0,0,0,0,0,100,1,0,0,0,0
0.1,0,0.9,10,0.9,0,0,100,38,1.19,1.94206492209096,0,0,0,0,0,0,0,0,0,226,2.26,1.93646559223214,27,0.27,0.446196043338474
0.2,0,0.9,10,0.9,0,0,100,52,1.26,1.63064094729339,0,0,0,0,0,0,0,0,0,158,1.58,1.21588808629077,37,0.37,0.48523658709391
0.3,0,0.9,10,0.9,0,0,100,76,1.85,1.75450358457395,0,0,0,0,0,0,0,0,0,146,1.46,1.16705621202246,61,0.61,0.490207130000198
0.4,0,0.9,10,0.9,0,0,100,77,1.57,1.44428515050166,0,0,0,0,0,0,0,0,0,139,1.39,1.0039819709436,57,0.57,0.497569851956243
0.5,0,0.9,10,0.9,0,0,100,78,1.27,1.05270215074437,0,0,0,0,0,0,0,0,0,116,1.16,0.506921785850339,63,0.63,0.48523658709391
0.6,0,0.9,10,0.9,0,0,100,80,1.3,1.08711461300922,0,0,0,0,0,0,0,0,0,123,1.23,0.708605117199426,59,0.59,0.49431107042371
0.7,0,0.9,10,0.9,0,0,100,87,1.07,0.685418105828829,0,0,0,0,0,0,0,0,0,104,1.04,0.242878362539562,70,0.7,0.460566186471838
0.8,0,0.9,10,0.9,0,0,100,91,1.05,0.5,0,0,0,0,0,0,0,0,0,105,1.05,0.261116483933547,75,0.75,0.435194139889245
0.9,0,0.9,10,0.9,0,0,100,84,0.969999999999999,0.61059666133077,0,0,0,0,0,0,0,0,0,103,1.03,0.171446607997765,65,0.65,0.479372485441102
1,0,0.9,10,0.9,0,0,100,90,0.9,0.301511344577763,0,0,0,0,0,0,0,0,0,100,1,0,61,0.61,0.490207130000197
0,0,0.9,1,0.9,0.2,0,100,0,0,0,0,0,0,0,0,0,0,0,0,100,1,0,0,0,0
0.1,0,0.9,1,0.9,0.2,0,100,11,0.11,0.31446603773522,2,0.02,0.14070529413629,0,0,0,0,0,0,100,1,0,6,0.06,0.238683256575942
0.2,0,0.9,1,0.9,0.2,0,100,13,0.13,0.337997668989631,1,0.01,0.1,0,0,0,0,0,0,100,1,0,9,0.0900000000000001,0.287623491264661
0.3,0,0.9,1,0.9,0.2,0,100,26,0.26,0.440844002276808,3,0.03,0.171446607997765,0,0,0,0,0,0,100,1,0,20,0.2,0.402015126103685
0.4,0,0.9,1,0.9,0.2,0,100,35,0.35,0.479372485441102,7,0.07,0.256432399976243,0,0,0,0,0,0,100,1,0,24,0.24,0.429234695990928
0.5,0,0.9,1,0.9,0.2,0,100,49,0.49,0.502418393795692,7,0.07,0.256432399976243,0,0,0,0,0,0,100,1,0,28,0.28,0.451260859854213
0.6,0,0.9,1,0.9,0.2,0,100,62,0.62,0.487831731214564,14,0.14,0.348735088019777,0,0,0,0,0,0,100,1,0,36,0.36,0.482418151324422
0.7,0,0.9,1,0.9,0.2,0,100,56,0.56,0.498887651569859,8,0.08,0.272659924344291,0,0,0,0,0,0,100,1,0,38,0.38,0.487831731214563
0.8,0,0.9,1,0.9,0.2,0,100,62,0.62,0.487831731214564,10,0.1,0.301511344577763,0,0,0,0,0,0,100,1,0,38,0.38,0.487831731214563
0.9,0,0.9,1,0.9,0.2,0,100,84,0.84,0.368452949177472,10,0.0999999999999999,0.301511344577764,0,0,0,0,0,0,100,1,0,52,0.52,0.502116731568678
1,0,0.9,1,0.9,0.2,0,100,91,0.91,0.287623491264661,20,0.2,0.402015126103685,0,0,0,0,0,0,100,1,0,49,0.49,0.502418393795691
0,0,0.9,2,0.9,0.2,0,100,0,0,0,0,0,0,0,0,0,0,0,0,100,1,0,0,0,0
0.1,0,0.9,2,0.9,0.2,0,100,15,0.24,0.605029425780768,3,0.03,0.171446607997765,0,0,0,0,0,0,112,1.12,0.32659863237109,7,0.07,0.256432399976243
0.2,0,0.9,2,0.9,0.2,0,100,32,0.419999999999999,0.669388383586695,7,0.07,0.256432399976243,0,0,0,0,0,0,108,1.08,0.272659924344291,20,0.2,0.402015126103685
0.3,0,0.9,2,0.9,0.2,0,100,53,0.77,0.81470078785857,9,0.09,0.287623491264661,0,0,0,0,0,0,110,1.1,0.301511344577764,30,0.3,0.460566186471838
0.4,0,0.9,2,0.9,0.2,0,100,52,0.689999999999999,0.747993950172693,5,0.05,0.21904291355759,0,0,0,0,0,0,112,1.12,0.32659863237109,38,0.38,0.487831731214564
0.5,0,0.9,2,0.9,0.2,0,100,70,0.919999999999999,0.720269309902816,8,0.08,0.272659924344291,0,0,0,0,0,0,109,1.09,0.287623491264662,39,0.39,0.490207130000197
0.6,0,0.9,2,0.9,0.2,0,100,72,0.91,0.683056115239191,10,0.1,0.301511344577763,0,0,0,0,0,0,111,1.11,0.31446603773522,44,0.44,0.498887651569859
0.7,0,0.9,2,0.9,0.2,0,100,79,1,0.65133894727893,15,0.15,0.358870281282637,0,0,0,0,0,0,103,1.03,0.171446607997765,44,0.44,0.498887651569859
0.8,0,0.9,2,0.9,0.2,0,100,86,0.959999999999999,0.490721999515082,12,0.12,0.326598632371091,0,0,0,0,0,0,102,1.02,0.14070529413629,54,0.54,0.500908265962033
0.9,0,0.9,2,0.9,0.2,0,100,91,1.01,0.437970526198033,9,0.0900000000000001,0.287623491264661,0,0,0,0,0,0,101,1.01,0.1,62,0.62,0.487831731214563
1,0,0.9,2,0.9,0.2,0,100,92,0.92,0.272659924344291,11,0.11,0.31446603773522,0,0,0,0,0,0,100,1,0,62,0.62,0.487831731214563
0,0,0.9,3,0.9,0.2,0,100,0,0,0,0,0,0,0,0,0,0,0,0,100,1,0,0,0,0
0.1,0,0.9,3,0.9,0.2,0,100,21,0.41,0.877266185143346,3,0.03,0.171446607997765,0,0,0,0,0,0,123,1.23,0.529054808029366,14,0.14,0.348735088019777
0.2,0,0.9,3,0.9,0.2,0,100,47,0.779999999999999,0.980414260000394,11,0.11,0.31446603773522,0,0,0,0,0,0,112,1.12,0.43298354180586,31,0.31,0.464823198711732
0.3,0,0.9,3,0.9,0.2,0,100,59,0.939999999999999,0.982883821242676,11,0.11,0.31446603773522,0,0,0,0,0,0,118,1.18,0.50010099990003,36,0.36,0.482418151324422
0.4,0,0.9,3,0.9,0.2,0,100,60,0.93,0.94553709818304,10,0.1,0.301511344577764,0,0,0,0,0,0,117,1.17,0.427702341505507,36,0.36,0.482418151324422
0.5,0,0.9,3,0.9,0.2,0,100,77,1.18,0.914308260905257,16,0.16,0.368452949177471,0,0,0,0,0,0,114,1.14,0.449915817041635,49,0.49,0.502418393795691
0.6,0,0.9,3,0.9,0.2,0,100,75,0.970000000000001,0.731057073315378,9,0.09,0.287623491264661,0,0,0,0,0,0,108,1.08,0.272659924344291,52,0.52,0.502116731568678
0.7,0,0.9,3,0.9,0.2,0,100,81,1.07,0.728288432150367,7,0.07,0.256432399976243,0,0,0,0,0,0,106,1.06,0.238683256575942,49,0.49,0.502418393795691
0.8,0,0.9,3,0.9,0.2,0,100,83,0.95,0.592461054424762,10,0.1,0.301511344577763,0,0,0,0,0,0,107,1.07,0.293188669562103,56,0.56,0.498887651569859
0.9,0,0.9,3,0.9,0.2,0,100,80,0.85,0.499999999999999,22,0.22,0.416333199893227,0,0,0,0,0,0,103,1.03,0.171446607997765,44,0.44,0.498887651569859
1,0,0.9,3,0.9,0.2,0,100,85,0.85,0.358870281282636,15,0.15,0.358870281282637,0,0,0,0,0,0,100,1,0,56,0.56,0.498887651569859
0,0,0.9,4,0.9,0.2,0,100,0,0,0,0,0,0,0,0,0,0,0,0,100,1,0,0,0,0
0.1,0,0.9,4,0.9,0.2,0,100,27,0.660000000000001,1.22449742318795,7,0.07,0.256432399976243,0,0,0,0,0,0,147,1.47,0.858175184018185,12,0.12,0.32659863237109
0.2,0,0.9,4,0.9,0.2,0,100,48,0.970000000000001,1.24279743101821,2,0.02,0.14070529413629,0,0,0,0,0,0,131,1.31,0.691872003109584,30,0.3,0.460566186471838
0.3,0,0.9,4,0.9,0.2,0,100,54,0.86,0.984937058954028,9,0.0900000000000001,0.287623491264661,0,0,0,0,0,0,124,1.24,0.668482375884875,33,0.33,0.472581562625261
0.4,0,0.9,4,0.9,0.2,0,100,80,1.49,1.18487948498545,14,0.14,0.348735088019777,0,0,0,0,0,0,135,1.35,0.78334945180064,47,0.47,0.501613558046592
0.5,0,0.9,4,0.9,0.2,0,100,72,1.26,1.13368978351775,11,0.11,0.31446603773522,0,0,0,0,0,0,122,1.22,0.542720420239974,44,0.44,0.498887651569859
0.6,0,0.9,4,0.9,0.2,0,100,87,1.28,0.853749898324379,12,0.12,0.326598632371091,0,0,0,0,0,0,108,1.08,0.307482445914323,55,0.55,0.5
0.7,0,0.9,4,0.9,0.2,0,100,83,1.03,0.688359196813977,10,0.1,0.301511344577764,0,0,0,0,0,0,113,1.13,0.441645225322889,55,0.55,0.5
0.8,0,0.9,4,0.9,0.2,0,100,84,1.09,0.766666666666666,14,0.14,0.348735088019777,0,0,0,0,0,0,102,1.02,0.14070529413629,54,0.54,0.500908265962033
0.9,0,0.9,4,0.9,0.2,0,100,90,0.97,0.413289342722602,17,0.17,0.377525168068637,0,0,0,0,0,0,104,1.04,0.242878362539562,53,0.53,0.501613558046592
1,0,0.9,4,0.9,0.2,0,100,89,0.89,0.31446603773522,18,0.18,0.386122919665369,0,0,0,0,0,0,100,1,0,53,0.53,0.501613558046592
0,0,0.9,5,0.9,0.2,0,100,0,0,0,0,0,0,0,0,0,0,0,0,100,1,0,0,0,0
0.1,0,0.9,5,0.9,0.2,0,100,30,0.830000000000001,1.47062139000059,12,0.12,0.326598632371091,0,0,0,0,0,0,177,1.77,1.24604424585416,15,0.15,0.358870281282637
0.2,0,0.9,5,0.9,0.2,0,100,44,0.82,1.25029289497794,10,0.1,0.301511344577763,0,0,0,0,0,0,192,1.92,1.36832862731262,25,0.25,0.435194139889245
0.3,0,0.9,5,0.9,0.2,0,100,68,1.63,1.61216962788998,12,0.12,0.326598632371091,0,0,0,0,0,0,143,1.43,0.956160250294073,38,0.38,0.487831731214563
0.4,0,0.9,5,0.9,0.2,0,100,69,1.37,1.3,6,0.06,0.238683256575942,0,0,0,0,0,0,124,1.24,0.653197264742181,46,0.46,0.500908265962033
0.5,0,0.9,5,0.9,0.2,0,100,76,1.34,1.17395988780785,19,0.19,0.394277244403662,0,0,0,0,0,0,119,1.19,0.614554121031474,41,0.41,0.49431107042371
0.6,0,0.9,5,0.9,0.2,0,100,78,1.2,0.910100449556437,15,0.15,0.358870281282637,0,0,0,0,0,0,121,1.21,0.624338033278431,50,0.5,0.502518907629606
0.7,0,0.9,5,0.9,0.2,0,100,84,1.12,0.794933451251859,11,0.11,0.31446603773522,0,0,0,0,0,0,110,1.1,0.414387707005374,55,0.55,0.5
0.8,0,0.9,5,0.9,0.2,0,100,87,1,0.55048188256318,16,0.16,0.368452949177471,0,0,0,0,0,0,104,1.04,0.196946385566932,56,0.56,0.498887651569859
0.9,0,0.9,5,0.9,0.2,0,100,86,0.959999999999999,0.490721999515082,8,0.08,0.272659924344291,0,0,0,0,0,0,103,1.03,0.171446607997765,58,0.58,0.496044963748858
1,0,0.9,5,0.9,0.2,0,100,87,0.87,0.337997668989631,18,0.18,0.386122919665369,0,0,0,0,0,0,100,1,0,43,0.43,0.497569851956243
0,0,0.9,6,0.9,0.2,0,100,0,0,0,0,0,0,0,0,0,0,0,0,100,1,0,0,0,0
0.1,0,0.9,6,0.9,0.2,0,100,34,0.839999999999999,1.48201337253199,1,0.01,0.1,0,0,0,0,0,0,172,1.72,1.36389223188712,29,0.29,0.456048021572068
0.2,0,0.9,6,0.9,0.2,0,100,54,1.32,1.56269645229654,7,0.07,0.256432399976243,0,0,0,0,0,0,181,1.81,1.29251926894962,33,0.33,0.472581562625261
0.3,0,0.9,6,0.9,0.2,0,100,63,1.31,1.42626870688606,8,0.08,0.272659924344291,0,0,0,0,0,0,146,1.46,0.947298124865524,39,0.39,0.490207130000197
0.4,0,0.9,6,0.9,0.2,0,100,62,0.919999999999999,0.917616587698916,10,0.1,0.301511344577764,0,0,0,0,0,0,137,1.37,0.70574840281846,37,0.37,0.48523658709391
0.5,0,0.9,6,0.9,0.2,0,100,74,1.25,1.05767994624407,14,0.14,0.348735088019777,0,0,0,0,0,0,127,1.27,0.77661529287757,45,0.45,0.5
0.6,0,0.9,6,0.9,0.2,0,100,75,1.2,1.10096376512636,7,0.07,0.256432399976243,0,0,0,0,0,0,126,1.26,0.760382678775508,50,0.5,0.502518907629606
0.7,0,0.9,6,0.9,0.2,0,100,84,1.21,0.967084549174748,18,0.18,0.38612291966537,0,0,0,0,0,0,121,1.21,0.624338033278431,42,0.42,0.496044963748858
0.8,0,0.9,6,0.9,0.2,0,100,88,0.98,0.470975776254132,10,0.1,0.301511344577763,0,0,0,0,0,0,102,1.02,0.14070529413629,57,0.57,0.497569851956243
0.9,0,0.9,6,0.9,0.2,0,100,93,1.05,0.479372485441103,18,0.18,0.386122919665369,0,0,0,0,0,0,100,1,0,60,0.6,0.492365963917331
1,0,0.9,6,0.9,0.2,0,100,90,0.9,0.301511344577763,18,0.18,0.386122919665369,0,0,0,0,0,0,100,1,0,55,0.55,0.5
0,0,0.9,7,0.9,0.2,0,100,0,0,0,0,0,0,0,0,0,0,0,0,100,1,0,0,0,0
0.1,0,0.9,7,0.9,0.2,0,100,31,0.82,1.43815257475792,6,0.06,0.238683256575942,0,0,0,0,0,0,188,1.88,1.49936013288363,19,0.19,0.394277244403662
0.2,0,0.9,7,0.9,0.2,0,100,54,1.48,1.96165257068646,8,0.08,0.272659924344291,0,0,0,0,0,0,190,1.9,1.63608302869007,32,0.32,0.46882617226215
0.3,0,0.9,7,0.9,0.2,0,100,65,1.7,1.86135608217409,12,0.12,0.326598632371091,0,0,0,0,0,0,150,1.5,1.02985730108887,38,0.38,0.487831731214563
0.4,0,0.9,7,0.9,0.2,0,100,78,1.8,1.63299316185545,10,0.1,0.301511344577763,0,0,0,0,0,0,137,1.37,0.960376609629385,51,0.51,0.502418393795691
0.5,0,0.9,7,0.9,0.2,0,100,86,1.74,1.42573744873566,17,0.17,0.377525168068637,0,0,0,0,0,0,131,1.31,0.860995430483305,48,0.48,0.502116731568678
0.6,0,0.9,7,0.9,0.2,0,100,80,1.16,0.849479935970333,16,0.16,0.368452949177471,0,0,0,0,0,0,123,1.23,0.617178329908861,43,0.43,0.497569851956243
0.7,0,0.9,7,0.9,0.2,0,100,88,1.19,0.747993950172693,21,0.21,0.409360180740333,0,0,0,0,0,0,108,1.08,0.393892771133865,54,0.54,0.500908265962033
0.8,0,0.9,7,0.9,0.2,0,100,83,1.03,0.702880077993683,18,0.18,0.386122919665369,0,0,0,0,0,0,102,1.02,0.14070529413629,47,0.47,0.501613558046592
0.9,0,0.9,7,0.9,0.2,0,100,88,0.94,0.42211588240887,12,0.12,0.326598632371091,0,0,0,0,0,0,101,1.01,0.1,52,0.52,0.502116731568678
1,0,0.9,7,0.9,0.2,0,100,86,0.86,0.348735088019778,13,0.13,0.337997668989631,0,0,0,0,0,0,100,1,0,55,0.55,0.5
0,0,0.9,8,0.9,0.2,0,100,0,0,0,0,0,0,0,0,0,0,0,0,100,1,0,0,0,0
0.1,0,0.9,8,0.9,0.2,0,100,36,1.13,1.98812128971707,6,0.06,0.238683256575942,0,0,0,0,0,0,231,2.31,1.94206492209096,23,0.23,0.422952584681651
0.2,0,0.9,8,0.9,0.2,0,100,52,1.35,1.74295117197206,10,0.1,0.301511344577763,0,0,0,0,0,0,224,2.24,1.85929279484693,32,0.32,0.46882617226215
0.3,0,0.9,8,0.9,0.2,0,100,72,1.82,1.87153045997821,12,0.12,0.326598632371091,0,0,0,0,0,0,157,1.57,1.37990630629091,41,0.41,0.49431107042371
0.4,0,0.9,8,0.9,0.2,0,100,75,1.49,1.49406232206767,7,0.07,0.256432399976243,0,0,0,0,0,0,151,1.51,1.18487948498545,46,0.46,0.500908265962033
0.5,0,0.9,8,0.9,0.2,0,100,82,1.5,1.19341628287971,14,0.14,0.348735088019777,0,0,0,0,0,0,120,1.2,0.568535243614961,51,0.51,0.502418393795691
0.6,0,0.9,8,0.9,0.2,0,100,86,1.39,1.0039819709436,10,0.1,0.301511344577763,0,0,0,0,0,0,112,1.12,0.455715665384423,58,0.58,0.496044963748858
0.7,0,0.9,8,0.9,0.2,0,100,86,1.2,0.932033727226043,20,0.2,0.402015126103685,0,0,0,0,0,0,120,1.2,0.635641726163728,49,0.49,0.502418393795691
0.8,0,0.9,8,0.9,0.2,0,100,83,0.99,0.643459714388091,10,0.1,0.301511344577764,0,0,0,0,0,0,105,1.05,0.21904291355759,53,0.53,0.501613558046592
0.9,0,0.9,8,0.9,0.2,0,100,89,0.96,0.424502085038484,14,0.14,0.348735088019777,0,0,0,0,0,0,103,1.03,0.171446607997765,56,0.56,0.498887651569859
1,0,0.9,8,0.9,0.2,0,100,89,0.89,0.31446603773522,16,0.16,0.368452949177471,0,0,0,0,0,0,100,1,0,50,0.5,0.502518907629606
0,0,0.9,9,0.9,0.2,0,100,0,0,0,0,0,0,0,0,0,0,0,0,100,1,0,0,0,0
0.1,0,0.9,9,0.9,0.2,0,100,46,1.68,2.46133740437629,14,0.14,0.348735088019777,0,0,0,0,0,0,219,2.19,1.86782972424894,21,0.21,0.409360180740333
0.2,0,0.9,9,0.9,0.2,0,100,59,1.8,2.22020110109263,11,0.11,0.31446603773522,0,0,0,0,0,0,162,1.62,1.2695342341651,38,0.38,0.487831731214563
0.3,0,0.9,9,0.9,0.2,0,100,71,1.68,1.97397205060397,9,0.09,0.287623491264661,0,0,0,0,0,0,156,1.56,1.25786415094088,43,0.43,0.497569851956243
0.4,0,0.9,9,0.9,0.2,0,100,74,1.47,1.32157695824559,12,0.12,0.326598632371091,0,0,0,0,0,0,128,1.28,0.753175097353017,50,0.5,0.502518907629606
0.5,0,0.9,9,0.9,0.2,0,100,83,1.71,1.52616903362371,8,0.08,0.272659924344291,0,0,0,0,0,0,119,1.19,0.544856574585172,56,0.56,0.498887651569859
0.6,0,0.9,9,0.9,0.2,0,100,77,1.2,0.974420314594759,16,0.16,0.368452949177471,0,0,0,0,0,0,128,1.28,0.739642283182017,44,0.44,0.498887651569859
0.7,0,0.9,9,0.9,0.2,0,100,84,1.09,0.753376239057058,13,0.13,0.337997668989631,0,0,0,0,0,0,112,1.12,0.383497988352882,60,0.6,0.492365963917331
0.8,0,0.9,9,0.9,0.2,0,100,89,1.06,0.6,18,0.18,0.386122919665369,0,0,0,0,0,0,110,1.1,0.389249472080761,57,0.57,0.497569851956243
0.9,0,0.9,9,0.9,0.2,0,100,91,0.97,0.413289342722602,18,0.18,0.38612291966537,0,0,0,0,0,0,103,1.03,0.222701503353614,61,0.61,0.490207130000198
1,0,0.9,9,0.9,0.2,0,100,92,0.92,0.272659924344291,14,0.14,0.348735088019777,0,0,0,0,0,0,100,1,0,56,0.56,0.498887651569859
0,0,0.9,10,0.9,0.2,0,100,0,0,0,0,0,0,0,0,0,0,0,0,100,1,0,0,0,0
0.1,0,0.9,10,0.9,0.2,0,100,37,1.43,2.39635666221146,3,0.03,0.171446607997765,0,0,0,0,0,0,258,2.58,2.43368615125868,27,0.27,0.446196043338474
0.2,0,0.9,10,0.9,0.2,0,100,66,1.78,1.96216742662317,14,0.14,0.348735088019777,0,0,0,0,0,0,160,1.6,1.35587014067861,44,0.44,0.498887651569859
0.3,0,0.9,10,0.9,0.2,0,100,69,1.62,1.65620961929048,15,0.15,0.358870281282637,0,0,0,0,0,0,144,1.44,1.16619037896906,41,0.41,0.49431107042371
0.4,0,0.9,10,0.9,0.2,0,100,76,1.57,1.42314916131568,11,0.11,0.31446603773522,0,0,0,0,0,0,152,1.52,1.06818074360573,44,0.44,0.498887651569859
0.5,0,0.9,10,0.9,0.2,0,100,81,1.33,1.07360433243643,15,0.15,0.358870281282637,0,0,0,0,0,0,119,1.19,0.580751863770343,52,0.52,0.502116731568678
0.6,0,0.9,10,0.9,0.2,0,100,78,1.19,0.960797227895311,10,0.1,0.301511344577764,0,0,0,0,0,0,120,1.2,0.55048188256318,50,0.5,0.502518907629606
0.7,0,0.9,10,0.9,0.2,0,100,90,1.24,0.780054388158191,20,0.2,0.402015126103685,0,0,0,0,0,0,105,1.05,0.261116483933547,54,0.54,0.500908265962033
0.8,0,0.9,10,0.9,0.2,0,100,82,0.99,0.627565441877087,12,0.12,0.326598632371091,0,0,0,0,0,0,106,1.06,0.238683256575942,58,0.58,0.496044963748858
0.9,0,0.9,10,0.9,0.2,0,100,86,0.92,0.442216638714053,17,0.17,0.377525168068637,0,0,0,0,0,0,104,1.04,0.242878362539562,47,0.47,0.501613558046592
1,0,0.9,10,0.9,0.2,0,100,88,0.88,0.326598632371091,13,0.13,0.337997668989631,0,0,0,0,0,0,100,1,0,54,0.54,0.500908265962033
0,0,0.9,1,0.9,0.4,0,100,0,0,0,0,0,0,0,0,0,0,0,0,100,1,0,0,0,0
0.1,0,0.9,1,0.9,0.4,0,100,10,0.1,0.301511344577764,2,0.02,0.14070529413629,0,0,0,0,0,0,100,1,0,2,0.02,0.14070529413629
0.2,0,0.9,1,0.9,0.4,0,100,16,0.16,0.368452949177471,8,0.08,0.272659924344291,0,0,0,0,0,0,100,1,0,7,0.07,0.256432399976243
0.3,0,0.9,1,0.9,0.4,0,100,23,0.23,0.422952584681651,9,0.0900000000000001,0.287623491264661,0,0,0,0,0,0,100,1,0,8,0.08,0.272659924344291
0.4,0,0.9,1,0.9,0.4,0,100,37,0.37,0.48523658709391,14,0.14,0.348735088019777,0,0,0,0,0,0,100,1,0,18,0.18,0.386122919665369
0.5,0,0.9,1,0.9,0.4,0,100,49,0.49,0.502418393795692,13,0.13,0.337997668989631,0,0,0,0,0,0,100,1,0,26,0.26,0.440844002276808
0.6,0,0.9,1,0.9,0.4,0,100,49,0.49,0.502418393795692,20,0.2,0.402015126103685,0,0,0,0,0,0,100,1,0,12,0.12,0.32659863237109
0.7,0,0.9,1,0.9,0.4,0,100,61,0.61,0.490207130000198,24,0.24,0.429234695990928,0,0,0,0,0,0,100,1,0,23,0.23,0.422952584681651
0.8,0,0.9,1,0.9,0.4,0,100,69,0.69,0.464823198711732,19,0.19,0.394277244403663,0,0,0,0,0,0,100,1,0,36,0.36,0.482418151324422
0.9,0,0.9,1,0.9,0.4,0,100,80,0.8,0.402015126103686,26,0.26,0.440844002276808,0,0,0,0,0,0,100,1,0,39,0.39,0.490207130000197
1,0,0.9,1,0.9,0.4,0,100,86,0.86,0.348735088019778,27,0.27,0.446196043338474,0,0,0,0,0,0,100,1,0,37,0.37,0.48523658709391
0,0,0.9,2,0.9,0.4,0,100,0,0,0,0,0,0,0,0,0,0,0,0,100,1,0,0,0,0
0.1,0,0.9,2,0.9,0.4,0,100,11,0.14,0.42687494916219,3,0.03,0.171446607997765,0,0,0,0,0,0,108,1.08,0.272659924344291,5,0.0500000000000001,0.21904291355759
0.2,0,0.9,2,0.9,0.4,0,100,27,0.400000000000001,0.710669054518701,9,0.0900000000000001,0.287623491264661,0,0,0,0,0,0,107,1.07,0.256432399976243,13,0.13,0.337997668989631
0.3,0,0.9,2,0.9,0.4,0,100,50,0.689999999999999,0.774531464757236,18,0.18,0.386122919665369,0,0,0,0,0,0,105,1.05,0.21904291355759,20,0.2,0.402015126103685
0.4,0,0.9,2,0.9,0.4,0,100,47,0.63,0.747453589654147,14,0.14,0.348735088019777,0,0,0,0,0,0,107,1.07,0.256432399976243,19,0.19,0.394277244403662
0.5,0,0.9,2,0.9,0.4,0,100,66,0.869999999999999,0.733815268637038,19,0.19,0.394277244403662,0,0,0,0,0,0,108,1.08,0.272659924344291,36,0.36,0.482418151324422
0.6,0,0.9,2,0.9,0.4,0,100,71,0.8,0.586032715327688,19,0.19,0.394277244403662,0,0,0,0,0,0,108,1.08,0.272659924344291,39,0.39,0.490207130000197
0.7,0,0.9,2,0.9,0.4,0,100,84,1,0.568535243614961,35,0.35,0.479372485441102,0,0,0,0,0,0,105,1.05,0.21904291355759,40,0.4,0.492365963917331
0.8,0,0.9,2,0.9,0.4,0,100,87,1,0.512470743190538,31,0.31,0.464823198711732,0,0,0,0,0,0,101,1.01,0.1,43,0.43,0.497569851956243
0.9,0,0.9,2,0.9,0.4,0,100,83,0.91,0.494311070423711,26,0.26,0.440844002276808,0,0,0,0,0,0,101,1.01,0.1,41,0.41,0.49431107042371
1,0,0.9,2,0.9,0.4,0,100,93,0.93,0.256432399976243,36,0.36,0.482418151324422,0,0,0,0,0,0,100,1,0,45,0.45,0.5
0,0,0.9,3,0.9,0.4,0,100,0,0,0,0,0,0,0,0,0,0,0,0,100,1,0,0,0,0
0.1,0,0.9,3,0.9,0.4,0,100,19,0.34,0.781348226148272,3,0.03,0.171446607997765,0,0,0,0,0,0,131,1.31,0.646591685749831,12,0.12,0.32659863237109
0.2,0,0.9,3,0.9,0.4,0,100,44,0.790000000000001,1.04731498932684,17,0.17,0.377525168068637,0,0,0,0,0,0,119,1.19,0.525991127935317,21,0.21,0.409360180740333
0.3,0,0.9,3,0.9,0.4,0,100,55,0.970000000000001,1.05844368310413,13,0.13,0.337997668989631,0,0,0,0,0,0,120,1.2,0.512470743190538,28,0.28,0.451260859854213
0.4,0,0.9,3,0.9,0.4,0,100,72,1.06,0.850668186566515,18,0.18,0.386122919665369,0,0,0,0,0,0,115,1.15,0.435194139889244,47,0.47,0.501613558046592
0.5,0,0.9,3,0.9,0.4,0,100,86,1.43,0.923924436107392,26,0.26,0.440844002276808,0,0,0,0,0,0,108,1.08,0.307482445914323,45,0.45,0.5
0.6,0,0.9,3,0.9,0.4,0,100,76,1.04,0.803024585457061,25,0.25,0.435194139889245,0,0,0,0,0,0,112,1.12,0.383497988352882,35,0.35,0.479372485441102
0.7,0,0.9,3,0.9,0.4,0,100,81,0.97,0.626921289342053,28,0.28,0.451260859854213,0,0,0,0,0,0,110,1.1,0.362371537669739,31,0.31,0.464823198711732
0.8,0,0.9,3,0.9,0.4,0,100,84,1.02,0.651028711992324,29,0.29,0.456048021572068,0,0,0,0,0,0,105,1.05,0.261116483933547,38,0.38,0.487831731214563
0.9,0,0.9,3,0.9,0.4,0,100,87,1.02,0.585687888751598,33,0.33,0.472581562625261,0,0,0,0,0,0,101,1.01,0.1,42,0.42,0.496044963748858
1,0,0.9,3,0.9,0.4,0,100,94,0.94,0.238683256575941,28,0.28,0.451260859854213,0,0,0,0,0,0,100,1,0,41,0.41,0.49431107042371
0,0,0.9,4,0.9,0.4,0,100,0,0,0,0,0,0,0,0,0,0,0,0,100,1,0,0,0,0
0.1,0,0.9,4,0.9,0.4,0,100,32,0.75,1.25830573921179,10,0.1,0.301511344577764,0,0,0,0,0,0,130,1.3,0.717740562565274,15,0.15,0.358870281282637
0.2,0,0.9,4,0.9,0.4,0,100,48,0.989999999999999,1.30651050396455,16,0.16,0.368452949177471,0,0,0,0,0,0,138,1.38,0.826089730249833,24,0.24,0.429234695990928
0.3,0,0.9,4,0.9,0.4,0,100,57,1.13,1.26853928563207,20,0.2,0.402015126103685,0,0,0,0,0,0,142,1.42,0.889671372763647,26,0.26,0.440844002276808
0.4,0,0.9,4,0.9,0.4,0,100,67,1.13,1.08855385486869,19,0.19,0.394277244403662,0,0,0,0,0,0,143,1.43,0.831877516236737,31,0.31,0.464823198711732
0.5,0,0.9,4,0.9,0.4,0,100,80,1.29,1.00799831649691,26,0.26,0.440844002276808,0,0,0,0,0,0,120,1.2,0.492365963917331,41,0.41,0.49431107042371
0.6,0,0.9,4,0.9,0.4,0,100,74,1.07,0.912926253009707,18,0.18,0.38612291966537,0,0,0,0,0,0,124,1.24,0.514830559553826,37,0.37,0.48523658709391
0.7,0,0.9,4,0.9,0.4,0,100,81,1.06,0.708106024133491,20,0.2,0.402015126103685,0,0,0,0,0,0,107,1.07,0.293188669562103,41,0.41,0.49431107042371
0.8,0,0.9,4,0.9,0.4,0,100,86,1.03,0.642831488986284,29,0.29,0.456048021572068,0,0,0,0,0,0,104,1.04,0.196946385566932,42,0.42,0.496044963748858
0.9,0,0.9,4,0.9,0.4,0,100,85,0.93,0.497569851956242,27,0.27,0.446196043338474,0,0,0,0,0,0,100,1,0,41,0.41,0.49431107042371
1,0,0.9,4,0.9,0.4,0,100,87,0.87,0.337997668989631,31,0.31,0.464823198711732,0,0,0,0,0,0,100,1,0,40,0.4,0.492365963917331
0,0,0.9,5,0.9,0.4,0,100,0,0,0,0,0,0,0,0,0,0,0,0,100,1,0,0,0,0
0.1,0,0.9,5,0.9,0.4,0,100,26,0.61,1.27044889863402,8,0.08,0.272659924344291,0,0,0,0,0,0,171,1.71,1.19167991092449,13,0.13,0.337997668989631
0.2,0,0.9,5,0.9,0.4,0,100,51,1.16,1.43350950291566,17,0.17,0.377525168068637,0,0,0,0,0,0,156,1.56,1.06666666666667,22,0.22,0.416333199893227
0.3,0,0.9,5,0.9,0.4,0,100,66,1.3,1.36699922044121,12,0.12,0.326598632371091,0,0,0,0,0,0,138,1.38,0.929646397423464,38,0.38,0.487831731214563
0.4,0,0.9,5,0.9,0.4,0,100,72,1.45,1.39533855998094,24,0.24,0.429234695990928,0,0,0,0,0,0,141,1.41,0.975404603953735,32,0.32,0.46882617226215
0.5,0,0.9,5,0.9,0.4,0,100,79,1.36,1.23517471058007,31,0.31,0.464823198711732,0,0,0,0,0,0,130,1.3,0.834847109936722,29,0.29,0.456048021572068
0.6,0,0.9,5,0.9,0.4,0,100,88,1.43,1.01757286984989,22,0.22,0.416333199893226,0,0,0,0,0,0,116,1.16,0.581186525805423,51,0.51,0.502418393795691
0.7,0,0.9,5,0.9,0.4,0,100,80,1.16,0.825355754333924,18,0.18,0.386122919665369,0,0,0,0,0,0,117,1.17,0.513553671720273,44,0.44,0.498887651569859
0.8,0,0.9,5,0.9,0.4,0,100,87,1.1,0.659047368816107,35,0.35,0.479372485441102,0,0,0,0,0,0,105,1.05,0.21904291355759,32,0.32,0.46882617226215
0.9,0,0.9,5,0.9,0.4,0,100,88,0.93,0.432399927115739,32,0.32,0.46882617226215,0,0,0,0,0,0,103,1.03,0.171446607997765,32,0.32,0.46882617226215
1,0,0.9,5,0.9,0.4,0,100,87,0.87,0.337997668989631,35,0.35,0.479372485441102,0,0,0,0,0,0,100,1,0,33,0.33,0.472581562625261
0,0,0.9,6,0.9,0.4,0,100,0,0,0,0,0,0,0,0,0,0,0,0,100,1,0,0,0,0
0.1,0,0.9,6,0.9,0.4,0,100,31,0.959999999999999,1.62629901458757,10,0.1,0.301511344577764,0,0,0,0,0,0,190,1.9,1.46680440124618,14,0.14,0.348735088019777
0.2,0,0.9,6,0.9,0.4,0,100,55,1.18,1.45907124188262,20,0.2,0.402015126103685,0,0,0,0,0,0,179,1.79,1.3506077943435,23,0.23,0.422952584681651
0.3,0,0.9,6,0.9,0.4,0,100,67,1.69,1.75634491907127,25,0.25,0.435194139889245,0,0,0,0,0,0,154,1.54,1.09562951785904,24,0.24,0.429234695990928
0.4,0,0.9,6,0.9,0.4,0,100,75,1.5,1.32954005869578,27,0.27,0.446196043338474,0,0,0,0,0,0,124,1.24,0.766995976705764,32,0.32,0.46882617226215
0.5,0,0.9,6,0.9,0.4,0,100,78,1.34,1.06571927624378,23,0.23,0.422952584681651,0,0,0,0,0,0,132,1.32,0.802521279493824,37,0.37,0.48523658709391
0.6,0,0.9,6,0.9,0.4,0,100,78,1.22,1.01085022719401,31,0.31,0.464823198711732,0,0,0,0,0,0,116,1.16,0.526471003163249,34,0.34,0.476095228569524
0.7,0,0.9,6,0.9,0.4,0,100,79,0.98,0.681353376921568,30,0.3,0.460566186471838,0,0,0,0,0,0,104,1.04,0.196946385566932,42,0.42,0.496044963748858
0.8,0,0.9,6,0.9,0.4,0,100,90,1.09,0.570220584643799,25,0.25,0.435194139889245,0,0,0,0,0,0,106,1.06,0.238683256575942,43,0.43,0.497569851956243
0.9,0,0.9,6,0.9,0.4,0,100,90,1.03,0.521361853052351,47,0.47,0.501613558046592,0,0,0,0,0,0,102,1.02,0.14070529413629,36,0.36,0.482418151324422
1,0,0.9,6,0.9,0.4,0,100,83,0.83,0.377525168068637,26,0.26,0.440844002276808,0,0,0,0,0,0,100,1,0,40,0.4,0.492365963917331
0,0,0.9,7,0.9,0.4,0,100,0,0,0,0,0,0,0,0,0,0,0,0,100,1,0,0,0,0
0.1,0,0.9,7,0.9,0.4,0,100,39,1.18,1.88229389390454,16,0.16,0.368452949177471,0,0,0,0,0,0,180,1.8,1.71151772684157,20,0.2,0.402015126103685
0.2,0,0.9,7,0.9,0.4,0,100,56,1.31,1.63110546884775,24,0.24,0.429234695990928,0,0,0,0,0,0,175,1.75,1.46594334781051,22,0.22,0.416333199893227
0.3,0,0.9,7,0.9,0.4,0,100,76,1.56,1.49287871867974,29,0.29,0.456048021572068,0,0,0,0,0,0,157,1.57,1.42314916131568,32,0.32,0.46882617226215
0.4,0,0.9,7,0.9,0.4,0,100,80,1.46,1.2425129310548,31,0.31,0.464823198711732,0,0,0,0,0,0,133,1.33,0.910710678203533,31,0.31,0.464823198711732
0.5,0,0.9,7,0.9,0.4,0,100,81,1.28,1.05485888758984,22,0.22,0.416333199893226,0,0,0,0,0,0,120,1.2,0.53181602347831,41,0.41,0.49431107042371
0.6,0,0.9,7,0.9,0.4,0,100,80,1.3,1.10554159678513,24,0.24,0.429234695990928,0,0,0,0,0,0,124,1.24,0.683425714376264,41,0.41,0.49431107042371
0.7,0,0.9,7,0.9,0.4,0,100,77,0.93,0.685418105828829,26,0.26,0.440844002276808,0,0,0,0,0,0,111,1.11,0.447100648511037,31,0.31,0.464823198711732
0.8,0,0.9,7,0.9,0.4,0,100,89,1.06,0.565328187512316,30,0.3,0.460566186471838,0,0,0,0,0,0,108,1.08,0.307482445914323,40,0.4,0.492365963917331
0.9,0,0.9,7,0.9,0.4,0,100,91,0.95,0.358870281282637,35,0.35,0.479372485441102,0,0,0,0,0,0,104,1.04,0.196946385566932,45,0.45,0.5
1,0,0.9,7,0.9,0.4,0,100,86,0.86,0.348735088019778,25,0.25,0.435194139889245,0,0,0,0,0,0,100,1,0,43,0.43,0.497569851956243
0,0,0.9,8,0.9,0.4,0,100,0,0,0,0,0,0,0,0,0,0,0,0,100,1,0,0,0,0
0.1,0,0.9,8,0.9,0.4,0,100,39,1.14,1.75821305060369,12,0.12,0.326598632371091,0,0,0,0,0,0,227,2.27,1.90085042105693,13,0.13,0.337997668989631
0.2,0,0.9,8,0.9,0.4,0,100,53,1.52,1.92001683494303,14,0.14,0.348735088019777,0,0,0,0,0,0,174,1.74,1.41863499622886,27,0.27,0.446196043338474
0.3,0,0.9,8,0.9,0.4,0,100,75,2.09,2.04541863043666,26,0.26,0.440844002276808,0,0,0,0,0,0,143,1.43,1.18283173321099,40,0.4,0.492365963917331
0.4,0,0.9,8,0.9,0.4,0,100,77,1.52,1.33696475176975,19,0.19,0.394277244403662,0,0,0,0,0,0,129,1.29,0.742572650596655,42,0.42,0.496044963748858
0.5,0,0.9,8,0.9,0.4,0,100,78,1.25,1.0480862791225,21,0.21,0.409360180740333,0,0,0,0,0,0,135,1.35,0.74366007223079,33,0.33,0.472581562625261
0.6,0,0.9,8,0.9,0.4,0,100,75,1.25,1.10439891782678,22,0.22,0.416333199893226,0,0,0,0,0,0,124,1.24,0.653197264742181,37,0.37,0.48523658709391
0.7,0,0.9,8,0.9,0.4,0,100,87,1.12,0.728635087618687,36,0.36,0.482418151324422,0,0,0,0,0,0,108,1.08,0.3673547263198,33,0.33,0.472581562625261
0.8,0,0.9,8,0.9,0.4,0,100,83,0.99,0.594503442743895,25,0.25,0.435194139889245,0,0,0,0,0,0,102,1.02,0.14070529413629,42,0.42,0.496044963748858
0.9,0,0.9,8,0.9,0.4,0,100,90,0.95,0.385992097056272,29,0.29,0.456048021572068,0,0,0,0,0,0,102,1.02,0.14070529413629,43,0.43,0.497569851956243
1,0,0.9,8,0.9,0.4,0,100,91,0.91,0.287623491264661,33,0.33,0.472581562625261,0,0,0,0,0,0,100,1,0,39,0.39,0.490207130000197
0,0,0.9,9,0.9,0.4,0,100,0,0,0,0,0,0,0,0,0,0,0,0,100,1,0,0,0,0
0.1,0,0.9,9,0.9,0.4,0,100,31,1.1,2.04247819369441,10,0.0999999999999999,0.301511344577763,0,0,0,0,0,0,211,2.11,1.7746531884833,12,0.12,0.326598632371091
0.2,0,0.9,9,0.9,0.4,0,100,44,1.06,1.44123964598942,17,0.17,0.377525168068637,0,0,0,0,0,0,174,1.74,1.21122694284379,16,0.16,0.368452949177471
0.3,0,0.9,9,0.9,0.4,0,100,65,1.4,1.45643816250884,17,0.17,0.377525168068637,0,0,0,0,0,0,179,1.79,1.45154045653909,28,0.28,0.451260859854213
0.4,0,0.9,9,0.9,0.4,0,100,72,1.59,1.74711884038386,27,0.27,0.446196043338474,0,0,0,0,0,0,151,1.51,1.21850214392404,29,0.29,0.456048021572068
0.5,0,0.9,9,0.9,0.4,0,100,79,1.27,1.05270215074437,30,0.3,0.460566186471838,0,0,0,0,0,0,114,1.14,0.402517331328978,35,0.35,0.479372485441102
0.6,0,0.9,9,0.9,0.4,0,100,81,1.29,1.02784466066845,33,0.33,0.472581562625261,0,0,0,0,0,0,115,1.15,0.435194139889245,36,0.36,0.482418151324422
0.7,0,0.9,9,0.9,0.4,0,100,85,1.04,0.618241233033047,24,0.24,0.429234695990928,0,0,0,0,0,0,106,1.06,0.277797979063414,44,0.44,0.498887651569859
0.8,0,0.9,9,0.9,0.4,0,100,84,1.06,0.663933792488438,29,0.29,0.456048021572068,0,0,0,0,0,0,103,1.03,0.222701503353614,40,0.4,0.492365963917331
0.9,0,0.9,9,0.9,0.4,0,100,89,0.95,0.411329453348431,32,0.32,0.46882617226215,0,0,0,0,0,0,102,1.02,0.14070529413629,42,0.42,0.496044963748858
1,0,0.9,9,0.9,0.4,0,100,92,0.92,0.272659924344291,37,0.37,0.48523658709391,0,0,0,0,0,0,100,1,0,35,0.35,0.479372485441102
0,0,0.9,10,0.9,0.4,0,100,0,0,0,0,0,0,0,0,0,0,0,0,100,1,0,0,0,0
0.1,0,0.9,10,0.9,0.4,0,100,34,1.06,1.91126379469954,8,0.08,0.272659924344291,0,0,0,0,0,0,277,2.77,2.5459613492587,21,0.21,0.409360180740333
0.2,0,0.9,10,0.9,0.4,0,100,61,2.04,2.52630604286619,20,0.2,0.402015126103685,0,0,0,0,0,0,207,2.07,2.09980759099302,27,0.27,0.446196043338474
0.3,0,0.9,10,0.9,0.4,0,100,70,1.5,1.58592292219752,27,0.27,0.446196043338474,0,0,0,0,0,0,144,1.44,1.04755607839091,32,0.32,0.46882617226215
0.4,0,0.9,10,0.9,0.4,0,100,69,1.21,1.23333333333333,23,0.23,0.42295258468165,0,0,0,0,0,0,146,1.46,1.06761321638409,29,0.29,0.456048021572068
0.5,0,0.9,10,0.9,0.4,0,100,77,1.25,1.01876336206147,30,0.3,0.460566186471838,0,0,0,0,0,0,114,1.14,0.471832875737016,30,0.3,0.460566186471838
0.6,0,0.9,10,0.9,0.4,0,100,71,1.25,1.20079939703482,30,0.3,0.460566186471838,0,0,0,0,0,0,112,1.12,0.383497988352882,33,0.33,0.472581562625261
0.7,0,0.9,10,0.9,0.4,0,100,77,1.15,0.998736575616788,30,0.3,0.460566186471838,0,0,0,0,0,0,116,1.16,0.486587789373795,32,0.32,0.46882617226215
0.8,0,0.9,10,0.9,0.4,0,100,84,0.94,0.508910501944988,30,0.3,0.460566186471838,0,0,0,0,0,0,106,1.06,0.277797979063414,40,0.4,0.492365963917331
0.9,0,0.9,10,0.9,0.4,0,100,91,1,0.426401432711221,26,0.26,0.440844002276808,0,0,0,0,0,0,103,1.03,0.171446607997765,46,0.46,0.500908265962033
1,0,0.9,10,0.9,0.4,0,100,92,0.92,0.272659924344291,21,0.21,0.409360180740333,0,0,0,0,0,0,100,1,0,51,0.51,0.502418393795691
0,0,0.9,1,0.9,0.6,0,100,0,0,0,0,0,0,0,0,0,0,0,0,100,1,0,0,0,0
0.1,0,0.9,1,0.9,0.6,0,100,4,0.04,0.196946385566932,3,0.03,0.171446607997765,0,0,0,0,0,0,100,1,0,0,0,0
0.2,0,0.9,1,0.9,0.6,0,100,26,0.26,0.440844002276808,12,0.12,0.32659863237109,0,0,0,0,0,0,100,1,0,8,0.08,0.272659924344291
0.3,0,0.9,1,0.9,0.6,0,100,24,0.24,0.429234695990928,13,0.13,0.337997668989631,0,0,0,0,0,0,100,1,0,5,0.0500000000000001,0.21904291355759
0.4,0,0.9,1,0.9,0.6,0,100,36,0.36,0.482418151324422,15,0.15,0.358870281282637,0,0,0,0,0,0,100,1,0,7,0.0699999999999999,0.256432399976243
0.5,0,0.9,1,0.9,0.6,0,100,44,0.44,0.498887651569859,21,0.21,0.409360180740332,0,0,0,0,0,0,100,1,0,14,0.14,0.348735088019777
0.6,0,0.9,1,0.9,0.6,0,100,59,0.59,0.49431107042371,28,0.28,0.451260859854213,0,0,0,0,0,0,100,1,0,18,0.18,0.386122919665369
0.7,0,0.9,1,0.9,0.6,0,100,59,0.59,0.49431107042371,31,0.31,0.464823198711732,0,0,0,0,0,0,100,1,0,18,0.18,0.386122919665369
0.8,0,0.9,1,0.9,0.6,0,100,67,0.67,0.472581562625262,35,0.35,0.479372485441102,0,0,0,0,0,0,100,1,0,15,0.15,0.358870281282637
0.9,0,0.9,1,0.9,0.6,0,100,81,0.81,0.394277244403662,40,0.4,0.492365963917331,0,0,0,0,0,0,100,1,0,25,0.25,0.435194139889245
1,0,0.9,1,0.9,0.6,0,100,89,0.89,0.31446603773522,56,0.56,0.498887651569859,0,0,0,0,0,0,100,1,0,22,0.22,0.416333199893227
0,0,0.9,2,0.9,0.6,0,100,0,0,0,0,0,0,0,0,0,0,0,0,100,1,0,0,0,0
0.1,0,0.9,2,0.9,0.6,0,100,13,0.21,0.573752489486468,5,0.0500000000000001,0.21904291355759,0,0,0,0,0,0,112,1.12,0.32659863237109,3,0.03,0.171446607997765
0.2,0,0.9,2,0.9,0.6,0,100,33,0.540000000000001,0.821676040268618,17,0.17,0.377525168068637,0,0,0,0,0,0,111,1.11,0.31446603773522,11,0.11,0.31446603773522
0.3,0,0.9,2,0.9,0.6,0,100,48,0.72,0.829749871036355,26,0.26,0.440844002276808,0,0,0,0,0,0,112,1.12,0.32659863237109,12,0.12,0.32659863237109
0.4,0,0.9,2,0.9,0.6,0,100,46,0.68,0.815010689649175,30,0.3,0.460566186471838,0,0,0,0,0,0,110,1.1,0.301511344577764,12,0.12,0.32659863237109
0.5,0,0.9,2,0.9,0.6,0,100,63,0.880000000000001,0.782123501575787,27,0.27,0.446196043338474,0,0,0,0,0,0,109,1.09,0.287623491264662,20,0.2,0.402015126103685
0.6,0,0.9,2,0.9,0.6,0,100,72,0.95,0.715979233376404,40,0.4,0.492365963917331,0,0,0,0,0,0,106,1.06,0.238683256575942,18,0.18,0.386122919665369
0.7,0,0.9,2,0.9,0.6,0,100,84,1.03,0.593823427145025,39,0.39,0.490207130000197,0,0,0,0,0,0,105,1.05,0.21904291355759,24,0.24,0.429234695990928
0.8,0,0.9,2,0.9,0.6,0,100,82,1.01,0.611258017236881,35,0.35,0.479372485441102,0,0,0,0,0,0,103,1.03,0.171446607997765,34,0.34,0.476095228569524
0.9,0,0.9,2,0.9,0.6,0,100,91,1.07,0.497569851956242,48,0.48,0.502116731568678,0,0,0,0,0,0,103,1.03,0.171446607997765,27,0.27,0.446196043338474
1,0,0.9,2,0.9,0.6,0,100,92,0.92,0.272659924344291,57,0.57,0.497569851956243,0,0,0,0,0,0,100,1,0,24,0.24,0.429234695990928
0,0,0.9,3,0.9,0.6,0,100,0,0,0,0,0,0,0,0,0,0,0,0,100,1,0,0,0,0
0.1,0,0.9,3,0.9,0.6,0,100,18,0.27,0.633333333333333,11,0.11,0.31446603773522,0,0,0,0,0,0,122,1.22,0.483672817035849,2,0.02,0.14070529413629
0.2,0,0.9,3,0.9,0.6,0,100,35,0.669999999999999,1.04499770431336,15,0.15,0.358870281282637,0,0,0,0,0,0,147,1.47,0.77139516789419,11,0.11,0.31446603773522
0.3,0,0.9,3,0.9,0.6,0,100,57,0.980000000000001,1.02474436329311,19,0.19,0.394277244403663,0,0,0,0,0,0,114,1.14,0.42687494916219,22,0.22,0.416333199893226
0.4,0,0.9,3,0.9,0.6,0,100,65,1.05,0.978299906506541,28,0.28,0.451260859854213,0,0,0,0,0,0,120,1.2,0.55048188256318,25,0.25,0.435194139889245
0.5,0,0.9,3,0.9,0.6,0,100,71,1.1,0.904534033733291,46,0.46,0.500908265962033,0,0,0,0,0,0,113,1.13,0.441645225322889,16,0.16,0.368452949177471
0.6,0,0.9,3,0.9,0.6,0,100,86,1.2,0.778498944161523,44,0.44,0.498887651569859,0,0,0,0,0,0,115,1.15,0.479372485441102,27,0.27,0.446196043338474
0.7,0,0.9,3,0.9,0.6,0,100,82,1.05,0.701729465267238,39,0.39,0.490207130000197,0,0,0,0,0,0,105,1.05,0.261116483933547,26,0.26,0.440844002276808
0.8,0,0.9,3,0.9,0.6,0,100,85,0.98,0.550114772230544,47,0.47,0.501613558046592,0,0,0,0,0,0,105,1.05,0.261116483933547,25,0.25,0.435194139889245
0.9,0,0.9,3,0.9,0.6,0,100,91,0.96,0.373895680368174,44,0.44,0.498887651569859,0,0,0,0,0,0,103,1.03,0.171446607997765,28,0.28,0.451260859854213
1,0,0.9,3,0.9,0.6,0,100,92,0.92,0.272659924344291,44,0.44,0.498887651569859,0,0,0,0,0,0,100,1,0,28,0.28,0.451260859854213
0,0,0.9,4,0.9,0.6,0,100,0,0,0,0,0,0,0,0,0,0,0,0,100,1,0,0,0,0
0.1,0,0.9,4,0.9,0.6,0,100,21,0.36,0.810536672192996,12,0.12,0.32659863237109,0,0,0,0,0,0,142,1.42,0.806288416201678,4,0.04,0.196946385566932
0.2,0,0.9,4,0.9,0.6,0,100,55,1.17,1.27172038092999,23,0.23,0.422952584681651,0,0,0,0,0,0,132,1.32,0.815010689649175,26,0.26,0.440844002276808
0.3,0,0.9,4,0.9,0.6,0,100,56,1.03,1.14992314192003,30,0.3,0.460566186471838,0,0,0,0,0,0,125,1.25,0.609271795844942,16,0.16,0.368452949177471
0.4,0,0.9,4,0.9,0.6,0,100,71,1.36,1.21039270695527,38,0.38,0.487831731214563,0,0,0,0,0,0,121,1.21,0.573752489486468,19,0.19,0.394277244403662
0.5,0,0.9,4,0.9,0.6,0,100,80,1.34,1.02710734344055,38,0.38,0.487831731214563,0,0,0,0,0,0,120,1.2,0.603022689155527,25,0.25,0.435194139889245
0.6,0,0.9,4,0.9,0.6,0,100,83,1.19,0.906709000794198,45,0.45,0.5,0,0,0,0,0,0,108,1.08,0.307482445914323,22,0.22,0.416333199893226
0.7,0,0.9,4,0.9,0.6,0,100,88,1.22,0.759851128428285,44,0.44,0.498887651569859,0,0,0,0,0,0,109,1.09,0.378593889720018,26,0.26,0.440844002276808
0.8,0,0.9,4,0.9,0.6,0,100,86,1.01,0.541136103793013,46,0.46,0.500908265962033,0,0,0,0,0,0,104,1.04,0.281410588272579,23,0.23,0.422952584681651
0.9,0,0.9,4,0.9,0.6,0,100,88,1,0.512470743190538,52,0.52,0.502116731568678,0,0,0,0,0,0,102,1.02,0.14070529413629,21,0.21,0.409360180740333
1,0,0.9,4,0.9,0.6,0,100,86,0.86,0.348735088019778,32,0.32,0.46882617226215,0,0,0,0,0,0,100,1,0,35,0.35,0.479372485441102
0,0,0.9,5,0.9,0.6,0,100,0,0,0,0,0,0,0,0,0,0,0,0,100,1,0,0,0,0
0.1,0,0.9,5,0.9,0.6,0,100,33,0.76,1.28015150618506,15,0.15,0.358870281282637,0,0,0,0,0,0,163,1.63,1.11604460285221,13,0.13,0.337997668989631
0.2,0,0.9,5,0.9,0.6,0,100,52,1.18,1.46597779965827,25,0.25,0.435194139889245,0,0,0,0,0,0,139,1.39,0.863338598322544,21,0.21,0.409360180740333
0.3,0,0.9,5,0.9,0.6,0,100,76,1.57,1.28907609229136,43,0.43,0.497569851956243,0,0,0,0,0,0,130,1.3,0.74535599249993,22,0.22,0.416333199893226
0.4,0,0.9,5,0.9,0.6,0,100,76,1.41,1.22346585030751,34,0.34,0.476095228569524,0,0,0,0,0,0,135,1.35,0.868936421753919,23,0.23,0.42295258468165
0.5,0,0.9,5,0.9,0.6,0,100,78,1.26,1.10663745854117,44,0.44,0.498887651569859,0,0,0,0,0,0,121,1.21,0.555868598672293,23,0.23,0.422952584681651
0.6,0,0.9,5,0.9,0.6,0,100,81,1.31,0.991835356164204,36,0.36,0.482418151324422,0,0,0,0,0,0,121,1.21,0.65589787330195,28,0.28,0.451260859854213
0.7,0,0.9,5,0.9,0.6,0,100,85,1.06,0.693694544603114,38,0.38,0.487831731214563,0,0,0,0,0,0,105,1.05,0.261116483933547,30,0.3,0.460566186471838
0.8,0,0.9,5,0.9,0.6,0,100,84,1.04,0.6654534415181,44,0.44,0.498887651569859,0,0,0,0,0,0,107,1.07,0.325824517434794,25,0.25,0.435194139889245
0.9,0,0.9,5,0.9,0.6,0,100,88,0.99,0.522136249101958,48,0.48,0.502116731568678,0,0,0,0,0,0,101,1.01,0.1,29,0.29,0.456048021572068
1,0,0.9,5,0.9,0.6,0,100,86,0.86,0.348735088019778,52,0.52,0.502116731568678,0,0,0,0,0,0,100,1,0,23,0.23,0.422952584681651
0,0,0.9,6,0.9,0.6,0,100,0,0,0,0,0,0,0,0,0,0,0,0,100,1,0,0,0,0
0.1,0,0.9,6,0.9,0.6,0,100,32,0.879999999999999,1.60981835978944,13,0.13,0.337997668989631,0,0,0,0,0,0,185,1.85,1.41688946554619,12,0.12,0.326598632371091
0.2,0,0.9,6,0.9,0.6,0,100,51,1.33,1.68208024166326,30,0.3,0.460566186471838,0,0,0,0,0,0,195,1.95,1.56589278113803,8,0.08,0.272659924344291
0.3,0,0.9,6,0.9,0.6,0,100,68,1.43,1.49919170140972,46,0.46,0.500908265962033,0,0,0,0,0,0,148,1.48,1.07759552765039,16,0.16,0.368452949177471
0.4,0,0.9,6,0.9,0.6,0,100,75,1.51,1.38166200606006,42,0.42,0.496044963748858,0,0,0,0,0,0,133,1.33,0.829445476194667,20,0.2,0.402015126103685
0.5,0,0.9,6,0.9,0.6,0,100,85,1.48,1.23484755530733,45,0.45,0.5,0,0,0,0,0,0,123,1.23,0.649086382011771,23,0.23,0.422952584681651
0.6,0,0.9,6,0.9,0.6,0,100,80,1.22,0.990663485455148,38,0.38,0.487831731214563,0,0,0,0,0,0,114,1.14,0.449915817041636,22,0.22,0.416333199893227
0.7,0,0.9,6,0.9,0.6,0,100,84,1.17,0.829445476194667,42,0.42,0.496044963748858,0,0,0,0,0,0,117,1.17,0.603943271133535,21,0.21,0.409360180740333
0.8,0,0.9,6,0.9,0.6,0,100,87,1.07,0.607279078174012,38,0.38,0.487831731214563,0,0,0,0,0,0,109,1.09,0.350900716914789,31,0.31,0.464823198711732
0.9,0,0.9,6,0.9,0.6,0,100,84,0.93,0.517472489875334,47,0.47,0.501613558046592,0,0,0,0,0,0,104,1.04,0.242878362539562,19,0.19,0.394277244403662
1,0,0.9,6,0.9,0.6,0,100,91,0.91,0.287623491264661,47,0.47,0.501613558046592,0,0,0,0,0,0,100,1,0,25,0.25,0.435194139889245
0,0,0.9,7,0.9,0.6,0,100,0,0,0,0,0,0,0,0,0,0,0,0,100,1,0,0,0,0
0.1,0,0.9,7,0.9,0.6,0,100,37,1.11,1.78600055425467,26,0.26,0.440844002276808,0,0,0,0,0,0,207,2.07,1.70711523461143,5,0.05,0.21904291355759
0.2,0,0.9,7,0.9,0.6,0,100,54,1.7,2.05234529553904,29,0.29,0.456048021572069,0,0,0,0,0,0,171,1.71,1.24960599851119,13,0.13,0.337997668989631
0.3,0,0.9,7,0.9,0.6,0,100,64,1.6,1.73496426767268,33,0.33,0.472581562625261,0,0,0,0,0,0,155,1.55,1.20079939703482,20,0.2,0.402015126103685
0.4,0,0.9,7,0.9,0.6,0,100,79,1.54,1.39566428193846,40,0.4,0.492365963917331,0,0,0,0,0,0,119,1.19,0.464823198711732,23,0.23,0.422952584681651
0.5,0,0.9,7,0.9,0.6,0,100,80,1.38,1.17876840367179,39,0.39,0.490207130000197,0,0,0,0,0,0,132,1.32,0.763828739597001,17,0.17,0.377525168068637
0.6,0,0.9,7,0.9,0.6,0,100,85,1.37,1.01159939369957,37,0.37,0.48523658709391,0,0,0,0,0,0,121,1.21,0.624338033278432,28,0.28,0.451260859854213
0.7,0,0.9,7,0.9,0.6,0,100,84,1.15,0.868936421753919,41,0.41,0.49431107042371,0,0,0,0,0,0,110,1.1,0.414387707005374,22,0.22,0.416333199893227
0.8,0,0.9,7,0.9,0.6,0,100,89,1,0.492365963917331,45,0.45,0.5,0,0,0,0,0,0,101,1.01,0.1,29,0.29,0.456048021572068
0.9,0,0.9,7,0.9,0.6,0,100,87,0.98,0.512076383191241,39,0.39,0.490207130000197,0,0,0,0,0,0,102,1.02,0.14070529413629,33,0.33,0.472581562625261
1,0,0.9,7,0.9,0.6,0,100,93,0.93,0.256432399976243,44,0.44,0.498887651569859,0,0,0,0,0,0,100,1,0,32,0.32,0.46882617226215
0,0,0.9,8,0.9,0.6,0,100,0,0,0,0,0,0,0,0,0,0,0,0,100,1,0,0,0,0
0.1,0,0.9,8,0.9,0.6,0,100,41,1.36,2.10108197235269,22,0.22,0.416333199893227,0,0,0,0,0,0,198,1.98,1.72901560128732,9,0.09,0.287623491264661
0.2,0,0.9,8,0.9,0.6,0,100,63,1.79,2.03154417061794,28,0.28,0.451260859854213,0,0,0,0,0,0,174,1.74,1.61195032131385,25,0.25,0.435194139889245
0.3,0,0.9,8,0.9,0.6,0,100,69,1.78,1.92579512635349,41,0.41,0.49431107042371,0,0,0,0,0,0,153,1.53,1.28279209365959,12,0.12,0.326598632371091
0.4,0,0.9,8,0.9,0.6,0,100,78,1.71,1.73085487140274,36,0.36,0.482418151324422,0,0,0,0,0,0,129,1.29,0.856289859353901,29,0.29,0.456048021572068
0.5,0,0.9,8,0.9,0.6,0,100,76,1.28,1.13778093433906,30,0.3,0.460566186471838,0,0,0,0,0,0,129,1.29,0.71484970518991,28,0.28,0.451260859854213
0.6,0,0.9,8,0.9,0.6,0,100,83,1.25,0.998736575616788,39,0.39,0.490207130000197,0,0,0,0,0,0,117,1.17,0.513553671720273,31,0.31,0.464823198711732
0.7,0,0.9,8,0.9,0.6,0,100,86,1.3,0.915633026044735,50,0.5,0.502518907629606,0,0,0,0,0,0,115,1.15,0.557320429022713,21,0.21,0.409360180740333
0.8,0,0.9,8,0.9,0.6,0,100,88,1.08,0.597638450211929,48,0.48,0.502116731568678,0,0,0,0,0,0,105,1.05,0.261116483933547,27,0.27,0.446196043338474
0.9,0,0.9,8,0.9,0.6,0,100,81,0.9,0.559581373109678,43,0.43,0.497569851956243,0,0,0,0,0,0,102,1.02,0.14070529413629,24,0.24,0.429234695990928
1,0,0.9,8,0.9,0.6,0,100,90,0.9,0.301511344577763,47,0.47,0.501613558046592,0,0,0,0,0,0,100,1,0,23,0.23,0.422952584681651
0,0,0.9,9,0.9,0.6,0,100,0,0,0,0,0,0,0,0,0,0,0,0,100,1,0,0,0,0
0.1,0,0.9,9,0.9,0.6,0,100,29,0.989999999999999,1.82847842025366,14,0.14,0.348735088019777,0,0,0,0,0,0,198,1.98,1.71139968706579,9,0.09,0.287623491264661
0.2,0,0.9,9,0.9,0.6,0,100,58,1.83,2.30526406822351,35,0.35,0.479372485441102,0,0,0,0,0,0,185,1.85,1.6598344812211,13,0.13,0.337997668989631
0.3,0,0.9,9,0.9,0.6,0,100,68,1.25,1.42400062421959,30,0.3,0.460566186471838,0,0,0,0,0,0,150,1.5,1.25126198921591,25,0.25,0.435194139889245
0.4,0,0.9,9,0.9,0.6,0,100,75,1.37,1.30774692513575,36,0.36,0.482418151324422,0,0,0,0,0,0,128,1.28,0.779536251675807,25,0.25,0.435194139889245
0.5,0,0.9,9,0.9,0.6,0,100,82,1.48,1.27509159900714,40,0.4,0.492365963917331,0,0,0,0,0,0,132,1.32,0.941522515112967,23,0.23,0.42295258468165
0.6,0,0.9,9,0.9,0.6,0,100,82,1.23,0.951925215634935,41,0.41,0.49431107042371,0,0,0,0,0,0,114,1.14,0.471832875737016,24,0.24,0.429234695990928
0.7,0,0.9,9,0.9,0.6,0,100,83,1.22,1.03064165558269,37,0.37,0.48523658709391,0,0,0,0,0,0,112,1.12,0.477366513151884,27,0.27,0.446196043338474
0.8,0,0.9,9,0.9,0.6,0,100,82,0.959999999999999,0.634369168879007,45,0.45,0.5,0,0,0,0,0,0,102,1.02,0.14070529413629,29,0.29,0.456048021572069
0.9,0,0.9,9,0.9,0.6,0,100,91,1.04,0.490721999515082,48,0.48,0.502116731568678,0,0,0,0,0,0,101,1.01,0.1,24,0.24,0.429234695990928
1,0,0.9,9,0.9,0.6,0,100,87,0.87,0.337997668989631,52,0.52,0.502116731568678,0,0,0,0,0,0,100,1,0,21,0.21,0.409360180740333
0,0,0.9,10,0.9,0.6,0,100,0,0,0,0,0,0,0,0,0,0,0,0,100,1,0,0,0,0
0.1,0,0.9,10,0.9,0.6,0,100,47,1.55,2.22644800232808,28,0.28,0.451260859854213,0,0,0,0,0,0,240,2.4,2.1320071635561,11,0.11,0.31446603773522
0.2,0,0.9,10,0.9,0.6,0,100,64,2.31,2.71060394328897,32,0.32,0.46882617226215,0,0,0,0,0,0,223,2.23,2.36495883749174,19,0.19,0.394277244403662
0.3,0,0.9,10,0.9,0.6,0,100,61,1.35,1.40974243653716,29,0.29,0.456048021572069,0,0,0,0,0,0,144,1.44,1.03786883428096,19,0.19,0.394277244403662
0.4,0,0.9,10,0.9,0.6,0,100,73,1.82,1.77171947525275,38,0.38,0.487831731214563,0,0,0,0,0,0,144,1.44,1.02809031557043,22,0.22,0.416333199893226
0.5,0,0.9,10,0.9,0.6,0,100,82,1.57,1.40169450121896,38,0.38,0.487831731214563,0,0,0,0,0,0,126,1.26,0.836297757616233,28,0.28,0.451260859854213
0.6,0,0.9,10,0.9,0.6,0,100,87,1.37,1.06035061858964,38,0.38,0.487831731214563,0,0,0,0,0,0,113,1.13,0.418148878808116,31,0.31,0.464823198711732
0.7,0,0.9,10,0.9,0.6,0,100,81,1.17,0.899550954194325,32,0.32,0.46882617226215,0,0,0,0,0,0,112,1.12,0.356186309210063,24,0.24,0.429234695990928
0.8,0,0.9,10,0.9,0.6,0,100,88,1.05,0.557320429022712,46,0.46,0.500908265962033,0,0,0,0,0,0,103,1.03,0.171446607997765,29,0.29,0.456048021572068
0.9,0,0.9,10,0.9,0.6,0,100,88,0.93,0.408371983328529,50,0.5,0.502518907629606,0,0,0,0,0,0,100,1,0,25,0.25,0.435194139889245
1,0,0.9,10,0.9,0.6,0,100,86,0.86,0.348735088019778,44,0.44,0.498887651569859,0,0,0,0,0,0,100,1,0,26,0.26,0.440844002276808
0,0,0.9,1,0.9,0.8,0,100,0,0,0,0,0,0,0,0,0,0,0,0,100,1,0,0,0,0
0.1,0,0.9,1,0.9,0.8,0,100,9,0.0900000000000001,0.287623491264661,6,0.0600000000000001,0.238683256575942,0,0,0,0,0,0,100,1,0,1,0.00999999999999999,0.1
0.2,0,0.9,1,0.9,0.8,0,100,16,0.16,0.368452949177471,9,0.0900000000000001,0.287623491264661,0,0,0,0,0,0,100,1,0,4,0.04,0.196946385566932
0.3,0,0.9,1,0.9,0.8,0,100,30,0.3,0.460566186471838,21,0.21,0.409360180740332,0,0,0,0,0,0,100,1,0,3,0.03,0.171446607997765
0.4,0,0.9,1,0.9,0.8,0,100,35,0.35,0.479372485441102,28,0.28,0.451260859854213,0,0,0,0,0,0,100,1,0,7,0.07,0.256432399976243
0.5,0,0.9,1,0.9,0.8,0,100,44,0.44,0.498887651569859,30,0.3,0.460566186471838,0,0,0,0,0,0,100,1,0,8,0.08,0.272659924344291
0.6,0,0.9,1,0.9,0.8,0,100,54,0.540000000000001,0.500908265962034,33,0.33,0.472581562625261,0,0,0,0,0,0,100,1,0,13,0.13,0.337997668989631
0.7,0,0.9,1,0.9,0.8,0,100,64,0.64,0.482418151324422,42,0.42,0.496044963748859,0,0,0,0,0,0,100,1,0,9,0.09,0.287623491264661
0.8,0,0.9,1,0.9,0.8,0,100,70,0.7,0.460566186471838,50,0.5,0.502518907629606,0,0,0,0,0,0,100,1,0,8,0.08,0.272659924344291
0.9,0,0.9,1,0.9,0.8,0,100,82,0.82,0.38612291966537,57,0.57,0.497569851956243,0,0,0,0,0,0,100,1,0,12,0.12,0.326598632371091
1,0,0.9,1,0.9,0.8,0,100,89,0.89,0.31446603773522,60,0.6,0.492365963917331,0,0,0,0,0,0,100,1,0,11,0.11,0.31446603773522
0,0,0.9,2,0.9,0.8,0,100,0,0,0,0,0,0,0,0,0,0,0,0,100,1,0,0,0,0
0.1,0,0.9,2,0.9,0.8,0,100,15,0.24,0.605029425780768,13,0.13,0.337997668989631,0,0,0,0,0,0,104,1.04,0.196946385566932,1,0.01,0.1
0.2,0,0.9,2,0.9,0.8,0,100,33,0.439999999999999,0.686375342732467,27,0.27,0.446196043338474,0,0,0,0,0,0,104,1.04,0.196946385566932,4,0.04,0.196946385566932
0.3,0,0.9,2,0.9,0.8,0,100,43,0.599999999999999,0.765413996382732,29,0.29,0.456048021572069,0,0,0,0,0,0,107,1.07,0.256432399976243,6,0.06,0.238683256575942
0.4,0,0.9,2,0.9,0.8,0,100,58,0.7,0.674199862463242,42,0.42,0.496044963748858,0,0,0,0,0,0,108,1.08,0.272659924344291,8,0.08,0.272659924344291
0.5,0,0.9,2,0.9,0.8,0,100,71,0.88,0.670895677509558,58,0.58,0.496044963748858,0,0,0,0,0,0,108,1.08,0.272659924344291,5,0.05,0.21904291355759
0.6,0,0.9,2,0.9,0.8,0,100,72,0.89,0.665073854788498,44,0.44,0.498887651569859,0,0,0,0,0,0,104,1.04,0.196946385566932,19,0.19,0.394277244403662
0.7,0,0.9,2,0.9,0.8,0,100,77,0.95,0.641573192719398,57,0.57,0.497569851956243,0,0,0,0,0,0,109,1.09,0.287623491264662,8,0.08,0.272659924344291
0.8,0,0.9,2,0.9,0.8,0,100,85,0.95,0.5,60,0.6,0.492365963917331,0,0,0,0,0,0,105,1.05,0.21904291355759,5,0.05,0.219042913557591
0.9,0,0.9,2,0.9,0.8,0,100,91,0.99,0.414265810339402,59,0.59,0.49431107042371,0,0,0,0,0,0,101,1.01,0.1,20,0.2,0.402015126103685
1,0,0.9,2,0.9,0.8,0,100,85,0.85,0.358870281282636,59,0.59,0.49431107042371,0,0,0,0,0,0,100,1,0,11,0.11,0.31446603773522
0,0,0.9,3,0.9,0.8,0,100,0,0,0,0,0,0,0,0,0,0,0,0,100,1,0,0,0,0
0.1,0,0.9,3,0.9,0.8,0,100,22,0.43,0.901793947214287,12,0.12,0.32659863237109,0,0,0,0,0,0,130,1.3,0.611340636419152,5,0.05,0.21904291355759
0.2,0,0.9,3,0.9,0.8,0,100,47,0.73,0.885973755226133,31,0.31,0.464823198711732,0,0,0,0,0,0,125,1.25,0.575159178669767,7,0.07,0.256432399976243
0.3,0,0.9,3,0.9,0.8,0,100,50,0.82,0.998787143277163,34,0.34,0.476095228569523,0,0,0,0,0,0,122,1.22,0.523778039195454,5,0.05,0.21904291355759
0.4,0,0.9,3,0.9,0.8,0,100,66,1.03,0.947671255278331,40,0.4,0.492365963917331,0,0,0,0,0,0,118,1.18,0.479477830456206,9,0.09,0.287623491264661
0.5,0,0.9,3,0.9,0.8,0,100,70,1.05,0.903137069140984,50,0.5,0.502518907629606,0,0,0,0,0,0,118,1.18,0.538985204347068,12,0.12,0.326598632371091
0.6,0,0.9,3,0.9,0.8,0,100,79,1.13,0.824559876478955,46,0.46,0.500908265962033,0,0,0,0,0,0,116,1.16,0.46536615322309,15,0.15,0.358870281282637
0.7,0,0.9,3,0.9,0.8,0,100,79,1.1,0.822658906696863,53,0.53,0.501613558046592,0,0,0,0,0,0,113,1.13,0.418148878808116,15,0.15,0.358870281282637
0.8,0,0.9,3,0.9,0.8,0,100,87,1,0.512470743190538,65,0.65,0.479372485441102,0,0,0,0,0,0,104,1.04,0.242878362539562,9,0.09,0.287623491264661
0.9,0,0.9,3,0.9,0.8,0,100,89,0.95,0.435194139889244,61,0.61,0.490207130000197,0,0,0,0,0,0,102,1.02,0.14070529413629,14,0.14,0.348735088019777
1,0,0.9,3,0.9,0.8,0,100,93,0.93,0.256432399976243,59,0.59,0.49431107042371,0,0,0,0,0,0,100,1,0,16,0.16,0.368452949177471
0,0,0.9,4,0.9,0.8,0,100,0,0,0,0,0,0,0,0,0,0,0,0,100,1,0,0,0,0
0.1,0,0.9,4,0.9,0.8,0,100,23,0.5,1.0492902844352,14,0.14,0.348735088019777,0,0,0,0,0,0,136,1.36,0.718021974284601,5,0.05,0.21904291355759
0.2,0,0.9,4,0.9,0.8,0,100,47,0.989999999999999,1.34461139292355,29,0.29,0.456048021572069,0,0,0,0,0,0,133,1.33,0.792069275615294,8,0.08,0.272659924344291
0.3,0,0.9,4,0.9,0.8,0,100,61,1.15,1.25830573921179,42,0.42,0.496044963748858,0,0,0,0,0,0,126,1.26,0.645418977537581,11,0.11,0.31446603773522
0.4,0,0.9,4,0.9,0.8,0,100,72,1.26,1.06950380262923,48,0.48,0.502116731568678,0,0,0,0,0,0,123,1.23,0.664466064983872,14,0.14,0.348735088019777
0.5,0,0.9,4,0.9,0.8,0,100,80,1.3,1.09636681909852,49,0.49,0.502418393795691,0,0,0,0,0,0,119,1.19,0.614554121031474,13,0.13,0.337997668989631
0.6,0,0.9,4,0.9,0.8,0,100,81,1.09,0.766666666666666,46,0.46,0.500908265962033,0,0,0,0,0,0,108,1.08,0.272659924344291,20,0.2,0.402015126103685
0.7,0,0.9,4,0.9,0.8,0,100,83,1.05,0.715979233376403,56,0.56,0.498887651569859,0,0,0,0,0,0,111,1.11,0.399368187885502,9,0.09,0.287623491264661
0.8,0,0.9,4,0.9,0.8,0,100,89,1.1,0.659047368816107,63,0.63,0.48523658709391,0,0,0,0,0,0,104,1.04,0.196946385566932,14,0.14,0.348735088019777
0.9,0,0.9,4,0.9,0.8,0,100,88,0.959999999999999,0.447665098487743,70,0.7,0.460566186471838,0,0,0,0,0,0,101,1.01,0.1,11,0.11,0.31446603773522
1,0,0.9,4,0.9,0.8,0,100,81,0.81,0.394277244403662,56,0.56,0.498887651569859,0,0,0,0,0,0,100,1,0,10,0.1,0.301511344577764
0,0,0.9,5,0.9,0.8,0,100,0,0,0,0,0,0,0,0,0,0,0,0,100,1,0,0,0,0
0.1,0,0.9,5,0.9,0.8,0,100,34,0.849999999999999,1.43811745632331,20,0.2,0.402015126103685,0,0,0,0,0,0,174,1.74,1.24413776884989,6,0.06,0.238683256575942
0.2,0,0.9,5,0.9,0.8,0,100,46,1.13,1.54170966361007,27,0.27,0.446196043338474,0,0,0,0,0,0,190,1.9,1.38169855941551,8,0.08,0.272659924344291
0.3,0,0.9,5,0.9,0.8,0,100,66,1.54,1.5790292376436,49,0.49,0.502418393795691,0,0,0,0,0,0,140,1.4,0.876171654230361,7,0.07,0.256432399976243
0.4,0,0.9,5,0.9,0.8,0,100,76,1.43,1.24117083856536,48,0.48,0.502116731568678,0,0,0,0,0,0,128,1.28,0.725857208319024,14,0.14,0.348735088019777
0.5,0,0.9,5,0.9,0.8,0,100,80,1.53,1.25089866685814,43,0.43,0.497569851956243,0,0,0,0,0,0,136,1.36,0.703813565764071,13,0.13,0.337997668989631
0.6,0,0.9,5,0.9,0.8,0,100,86,1.16,0.706678101679923,60,0.6,0.492365963917331,0,0,0,0,0,0,113,1.13,0.366666666666667,12,0.12,0.326598632371091
0.7,0,0.9,5,0.9,0.8,0,100,86,1.1,0.703526470681448,68,0.68,0.46882617226215,0,0,0,0,0,0,110,1.1,0.414387707005374,9,0.09,0.287623491264661
0.8,0,0.9,5,0.9,0.8,0,100,88,1.01,0.522136249101959,55,0.55,0.5,0,0,0,0,0,0,107,1.07,0.256432399976243,13,0.13,0.337997668989631
0.9,0,0.9,5,0.9,0.8,0,100,93,1.04,0.469687194424183,56,0.56,0.498887651569859,0,0,0,0,0,0,103,1.03,0.222701503353614,18,0.18,0.386122919665369
1,0,0.9,5,0.9,0.8,0,100,94,0.94,0.238683256575941,76,0.76,0.429234695990929,0,0,0,0,0,0,100,1,0,10,0.1,0.301511344577763
0,0,0.9,6,0.9,0.8,0,100,0,0,0,0,0,0,0,0,0,0,0,0,100,1,0,0,0,0
0.1,0,0.9,6,0.9,0.8,0,100,26,0.45,0.903137069140984,19,0.19,0.394277244403662,0,0,0,0,0,0,160,1.6,1.0150384378451,2,0.02,0.14070529413629
0.2,0,0.9,6,0.9,0.8,0,100,53,1.51,1.86674783373317,36,0.36,0.482418151324422,0,0,0,0,0,0,194,1.94,1.56876068952855,4,0.04,0.196946385566932
0.3,0,0.9,6,0.9,0.8,0,100,68,1.57,1.70118793907093,51,0.51,0.502418393795691,0,0,0,0,0,0,149,1.49,1.09632075229797,8,0.08,0.272659924344291
0.4,0,0.9,6,0.9,0.8,0,100,68,1.28,1.31870766244452,45,0.45,0.5,0,0,0,0,0,0,140,1.4,0.852802865422442,14,0.14,0.348735088019777
0.5,0,0.9,6,0.9,0.8,0,100,82,1.29,0.967084549174748,52,0.52,0.502116731568678,0,0,0,0,0,0,118,1.18,0.557411042864304,12,0.12,0.326598632371091
0.6,0,0.9,6,0.9,0.8,0,100,82,1.4,1.17206543065538,55,0.55,0.5,0,0,0,0,0,0,119,1.19,0.580751863770343,13,0.13,0.337997668989631
0.7,0,0.9,6,0.9,0.8,0,100,93,1.3,0.703526470681449,66,0.66,0.476095228569524,0,0,0,0,0,0,105,1.05,0.219042913557591,13,0.13,0.337997668989631
0.8,0,0.9,6,0.9,0.8,0,100,83,1.1,0.846859915908008,59,0.59,0.49431107042371,0,0,0,0,0,0,106,1.06,0.238683256575942,9,0.09,0.287623491264661
0.9,0,0.9,6,0.9,0.8,0,100,91,1.02,0.470975776254132,68,0.68,0.46882617226215,0,0,0,0,0,0,101,1.01,0.1,10,0.1,0.301511344577763
1,0,0.9,6,0.9,0.8,0,100,88,0.88,0.326598632371091,57,0.57,0.497569851956243,0,0,0,0,0,0,100,1,0,17,0.17,0.377525168068637
0,0,0.9,7,0.9,0.8,0,100,0,0,0,0,0,0,0,0,0,0,0,0,100,1,0,0,0,0
0.1,0,0.9,7,0.9,0.8,0,100,42,1.38,1.95287925221642,27,0.27,0.446196043338474,0,0,0,0,0,0,202,2.02,1.69360055157136,7,0.07,0.256432399976243
0.2,0,0.9,7,0.9,0.8,0,100,53,1.59,2.00552267803713,35,0.35,0.479372485441102,0,0,0,0,0,0,163,1.63,1.21151878969242,12,0.12,0.326598632371091
0.3,0,0.9,7,0.9,0.8,0,100,69,1.71,1.7712348029758,47,0.47,0.501613558046592,0,0,0,0,0,0,147,1.47,0.915136463853751,13,0.13,0.337997668989631
0.4,0,0.9,7,0.9,0.8,0,100,73,1.42,1.38666083914859,51,0.51,0.502418393795691,0,0,0,0,0,0,137,1.37,1.03137644618121,14,0.14,0.348735088019777
0.5,0,0.9,7,0.9,0.8,0,100,88,1.53,1.11423298798553,59,0.59,0.49431107042371,0,0,0,0,0,0,140,1.4,1.10096376512636,11,0.11,0.31446603773522
0.6,0,0.9,7,0.9,0.8,0,100,86,1.37,1.07923467084202,61,0.61,0.490207130000198,0,0,0,0,0,0,113,1.13,0.463953149846539,9,0.09,0.287623491264661
0.7,0,0.9,7,0.9,0.8,0,100,83,1.19,0.812714618119455,54,0.54,0.500908265962033,0,0,0,0,0,0,112,1.12,0.383497988352882,17,0.17,0.377525168068637
0.8,0,0.9,7,0.9,0.8,0,100,83,0.95,0.609271795844942,55,0.55,0.5,0,0,0,0,0,0,106,1.06,0.277797979063414,13,0.13,0.337997668989631
0.9,0,0.9,7,0.9,0.8,0,100,91,0.97,0.413289342722602,67,0.67,0.472581562625261,0,0,0,0,0,0,102,1.02,0.14070529413629,10,0.1,0.301511344577763
1,0,0.9,7,0.9,0.8,0,100,88,0.88,0.326598632371091,59,0.59,0.49431107042371,0,0,0,0,0,0,100,1,0,18,0.18,0.386122919665369
0,0,0.9,8,0.9,0.8,0,100,0,0,0,0,0,0,0,0,0,0,0,0,100,1,0,0,0,0
0.1,0,0.9,8,0.9,0.8,0,100,31,0.76,1.42927543980448,22,0.22,0.416333199893227,0,0,0,0,0,0,181,1.81,1.50215333653547,5,0.05,0.21904291355759
0.2,0,0.9,8,0.9,0.8,0,100,58,1.54,1.93542206917731,44,0.44,0.498887651569859,0,0,0,0,0,0,185,1.85,1.59148618681668,7,0.07,0.256432399976243
0.3,0,0.9,8,0.9,0.8,0,100,69,1.64,1.5668278447071,49,0.49,0.502418393795691,0,0,0,0,0,0,145,1.45,0.957427107756338,10,0.1,0.301511344577763
0.4,0,0.9,8,0.9,0.8,0,100,81,1.68,1.4204850501775,46,0.46,0.500908265962033,0,0,0,0,0,0,126,1.26,0.746980453546007,19,0.19,0.394277244403662
0.5,0,0.9,8,0.9,0.8,0,100,78,1.33,1.21484920292956,54,0.54,0.500908265962033,0,0,0,0,0,0,131,1.31,0.80018937152591,13,0.13,0.337997668989631
0.6,0,0.9,8,0.9,0.8,0,100,82,1.16,0.872937685072767,58,0.58,0.496044963748858,0,0,0,0,0,0,114,1.14,0.471832875737016,11,0.11,0.31446603773522
0.7,0,0.9,8,0.9,0.8,0,100,80,1.22,0.990663485455147,63,0.63,0.48523658709391,0,0,0,0,0,0,107,1.07,0.256432399976243,9,0.09,0.287623491264661
0.8,0,0.9,8,0.9,0.8,0,100,91,1.08,0.544578420951157,57,0.57,0.497569851956243,0,0,0,0,0,0,105,1.05,0.261116483933547,16,0.16,0.368452949177471
0.9,0,0.9,8,0.9,0.8,0,100,92,1.06,0.508910501944988,68,0.68,0.46882617226215,0,0,0,0,0,0,103,1.03,0.171446607997765,11,0.11,0.31446603773522
1,0,0.9,8,0.9,0.8,0,100,83,0.83,0.377525168068637,57,0.57,0.497569851956243,0,0,0,0,0,0,100,1,0,12,0.12,0.326598632371091
0,0,0.9,9,0.9,0.8,0,100,0,0,0,0,0,0,0,0,0,0,0,0,100,1,0,0,0,0
0.1,0,0.9,9,0.9,0.8,0,100,37,1.07,1.84913302098387,28,0.28,0.451260859854213,0,0,0,0,0,0,205,2.05,1.75450358457395,5,0.05,0.21904291355759
0.2,0,0.9,9,0.9,0.8,0,100,58,2.03,2.56414673621626,38,0.38,0.487831731214563,0,0,0,0,0,0,218,2.18,1.97141184090607,10,0.1,0.301511344577763
0.3,0,0.9,9,0.9,0.8,0,100,67,1.58,1.60919077473585,46,0.46,0.500908265962033,0,0,0,0,0,0,171,1.71,1.36548359731835,7,0.07,0.256432399976243
0.4,0,0.9,9,0.9,0.8,0,100,71,1.24,1.12024528338641,58,0.58,0.496044963748858,0,0,0,0,0,0,128,1.28,0.711805216802087,6,0.06,0.238683256575942
0.5,0,0.9,9,0.9,0.8,0,100,81,1.47,1.2748935388312,51,0.51,0.502418393795691,0,0,0,0,0,0,133,1.33,0.853454063429215,14,0.14,0.348735088019777
0.6,0,0.9,9,0.9,0.8,0,100,79,1.09,0.85392735006669,50,0.5,0.502518907629606,0,0,0,0,0,0,117,1.17,0.493493012650993,14,0.14,0.348735088019777
0.7,0,0.9,9,0.9,0.8,0,100,83,1.15,0.86893642175392,56,0.56,0.498887651569859,0,0,0,0,0,0,115,1.15,0.557320429022713,14,0.14,0.348735088019777
0.8,0,0.9,9,0.9,0.8,0,100,86,0.969999999999999,0.540388935878781,58,0.58,0.496044963748858,0,0,0,0,0,0,103,1.03,0.171446607997765,14,0.14,0.348735088019777
0.9,0,0.9,9,0.9,0.8,0,100,82,0.87,0.463953149846539,53,0.53,0.501613558046592,0,0,0,0,0,0,101,1.01,0.1,15,0.15,0.358870281282637
1,0,0.9,9,0.9,0.8,0,100,91,0.91,0.287623491264661,65,0.65,0.479372485441102,0,0,0,0,0,0,100,1,0,15,0.15,0.358870281282637
0,0,0.9,10,0.9,0.8,0,100,0,0,0,0,0,0,0,0,0,0,0,0,100,1,0,0,0,0
0.1,0,0.9,10,0.9,0.8,0,100,30,1.16,2.0236979852126,23,0.23,0.422952584681651,0,0,0,0,0,0,233,2.33,1.98507054043554,3,0.03,0.171446607997765
0.2,0,0.9,10,0.9,0.8,0,100,49,1.18,1.50675247811412,30,0.3,0.460566186471838,0,0,0,0,0,0,177,1.77,1.39156913104044,10,0.1,0.301511344577763
0.3,0,0.9,10,0.9,0.8,0,100,69,1.85,1.99684093942751,45,0.45,0.5,0,0,0,0,0,0,162,1.62,1.29318337149966,10,0.1,0.301511344577763
0.4,0,0.9,10,0.9,0.8,0,100,73,1.55,1.56589278113803,42,0.42,0.496044963748858,0,0,0,0,0,0,165,1.65,1.35120597088585,11,0.11,0.31446603773522
0.5,0,0.9,10,0.9,0.8,0,100,82,1.26,0.991071249821234,57,0.57,0.497569851956243,0,0,0,0,0,0,121,1.21,0.591095541679972,10,0.1,0.301511344577763
0.6,0,0.9,10,0.9,0.8,0,100,85,1.25,0.857233039988826,53,0.53,0.501613558046592,0,0,0,0,0,0,116,1.16,0.526471003163249,14,0.14,0.348735088019777
0.7,0,0.9,10,0.9,0.8,0,100,88,1.17,0.711450360996195,62,0.62,0.487831731214563,0,0,0,0,0,0,107,1.07,0.256432399976243,16,0.16,0.368452949177471
0.8,0,0.9,10,0.9,0.8,0,100,88,1.05,0.557320429022712,48,0.48,0.502116731568678,0,0,0,0,0,0,102,1.02,0.14070529413629,20,0.2,0.402015126103685
0.9,0,0.9,10,0.9,0.8,0,100,87,0.94,0.445403006707228,62,0.62,0.487831731214563,0,0,0,0,0,0,103,1.03,0.222701503353614,13,0.13,0.337997668989631
1,0,0.9,10,0.9,0.8,0,100,93,0.93,0.256432399976243,60,0.6,0.492365963917331,0,0,0,0,0,0,100,1,0,18,0.18,0.386122919665369
0,0,0.9,1,0.9,1,0,100,0,0,0,0,0,0,0,0,0,0,0,0,100,1,0,0,0,0
0.1,0,0.9,1,0.9,1,0,100,5,0.0500000000000001,0.21904291355759,5,0.0500000000000001,0.21904291355759,0,0,0,0,0,0,100,1,0,0,0,0
0.2,0,0.9,1,0.9,1,0,100,22,0.22,0.416333199893227,21,0.21,0.409360180740332,0,0,0,0,0,0,100,1,0,0,0,0
0.3,0,0.9,1,0.9,1,0,100,37,0.37,0.48523658709391,33,0.33,0.472581562625261,0,0,0,0,0,0,100,1,0,0,0,0
0.4,0,0.9,1,0.9,1,0,100,38,0.38,0.487831731214563,31,0.31,0.464823198711732,0,0,0,0,0,0,100,1,0,0,0,0
0.5,0,0.9,1,0.9,1,0,100,40,0.4,0.492365963917331,33,0.33,0.472581562625261,0,0,0,0,0,0,100,1,0,0,0,0
0.6,0,0.9,1,0.9,1,0,100,47,0.47,0.501613558046592,30,0.3,0.460566186471838,0,0,0,0,0,0,100,1,0,0,0,0
0.7,0,0.9,1,0.9,1,0,100,64,0.64,0.482418151324422,56,0.56,0.498887651569859,0,0,0,0,0,0,100,1,0,0,0,0
0.8,0,0.9,1,0.9,1,0,100,76,0.76,0.429234695990929,64,0.64,0.482418151324422,0,0,0,0,0,0,100,1,0,0,0,0
0.9,0,0.9,1,0.9,1,0,100,81,0.81,0.394277244403662,67,0.67,0.472581562625262,0,0,0,0,0,0,100,1,0,0,0,0
1,0,0.9,1,0.9,1,0,100,93,0.93,0.256432399976243,82,0.82,0.38612291966537,0,0,0,0,0,0,100,1,0,0,0,0
0,0,0.9,2,0.9,1,0,100,0,0,0,0,0,0,0,0,0,0,0,0,100,1,0,0,0,0
0.1,0,0.9,2,0.9,1,0,100,11,0.13,0.393251147037697,9,0.0900000000000001,0.287623491264661,0,0,0,0,0,0,108,1.08,0.272659924344291,0,0,0
0.2,0,0.9,2,0.9,1,0,100,29,0.459999999999999,0.77093672525275,25,0.25,0.435194139889245,0,0,0,0,0,0,108,1.08,0.272659924344291,0,0,0
0.3,0,0.9,2,0.9,1,0,100,38,0.57,0.794615719334913,27,0.27,0.446196043338474,0,0,0,0,0,0,117,1.17,0.377525168068637,0,0,0
0.4,0,0.9,2,0.9,1,0,100,53,0.689999999999999,0.734365664565637,42,0.42,0.496044963748859,0,0,0,0,0,0,106,1.06,0.238683256575942,0,0,0
0.5,0,0.9,2,0.9,1,0,100,59,0.810000000000001,0.774531464757237,47,0.47,0.501613558046592,0,0,0,0,0,0,107,1.07,0.256432399976243,0,0,0
0.6,0,0.9,2,0.9,1,0,100,70,0.91,0.712018045396109,62,0.62,0.487831731214563,0,0,0,0,0,0,110,1.1,0.301511344577764,0,0,0
0.7,0,0.9,2,0.9,1,0,100,82,1,0.603022689155527,73,0.73,0.446196043338474,0,0,0,0,0,0,104,1.04,0.196946385566932,0,0,0
0.8,0,0.9,2,0.9,1,0,100,88,1,0.492365963917331,69,0.69,0.464823198711732,0,0,0,0,0,0,106,1.06,0.238683256575942,0,0,0
0.9,0,0.9,2,0.9,1,0,100,93,1.03,0.413289342722602,83,0.83,0.377525168068637,0,0,0,0,0,0,101,1.01,0.1,0,0,0
1,0,0.9,2,0.9,1,0,100,91,0.91,0.287623491264661,78,0.78,0.416333199893226,0,0,0,0,0,0,100,1,0,0,0,0
0,0,0.9,3,0.9,1,0,100,0,0,0,0,0,0,0,0,0,0,0,0,100,1,0,0,0,0
0.1,0,0.9,3,0.9,1,0,100,23,0.490000000000001,0.989796428411908,21,0.21,0.409360180740332,0,0,0,0,0,0,123,1.23,0.583528106011228,0,0,0
0.2,0,0.9,3,0.9,1,0,100,44,0.75,0.998736575616788,40,0.4,0.492365963917331,0,0,0,0,0,0,125,1.25,0.609271795844942,0,0,0
0.3,0,0.9,3,0.9,1,0,100,51,0.830000000000001,0.99549490255355,43,0.43,0.497569851956243,0,0,0,0,0,0,124,1.24,0.552679423766206,0,0,0
0.4,0,0.9,3,0.9,1,0,100,62,1.05,1.0286305498481,52,0.52,0.502116731568678,0,0,0,0,0,0,112,1.12,0.383497988352882,0,0,0
0.5,0,0.9,3,0.9,1,0,100,75,1.16,0.895781358605012,58,0.58,0.496044963748858,0,0,0,0,0,0,116,1.16,0.46536615322309,0,0,0
0.6,0,0.9,3,0.9,1,0,100,77,1.04,0.737453987607623,60,0.6,0.492365963917331,0,0,0,0,0,0,118,1.18,0.479477830456206,0,0,0
0.7,0,0.9,3,0.9,1,0,100,87,1.2,0.765413996382732,75,0.75,0.435194139889245,0,0,0,0,0,0,106,1.06,0.31204765240863,0,0,0
0.8,0,0.9,3,0.9,1,0,100,80,0.94,0.6,67,0.67,0.472581562625261,0,0,0,0,0,0,109,1.09,0.320825954263823,0,0,0
0.9,0,0.9,3,0.9,1,0,100,79,0.88,0.555595958126828,63,0.63,0.48523658709391,0,0,0,0,0,0,104,1.04,0.242878362539562,0,0,0
1,0,0.9,3,0.9,1,0,100,83,0.83,0.377525168068637,69,0.69,0.464823198711732,0,0,0,0,0,0,100,1,0,0,0,0
0,0,0.9,4,0.9,1,0,100,0,0,0,0,0,0,0,0,0,0,0,0,100,1,0,0,0,0
0.1,0,0.9,4,0.9,1,0,100,25,0.529999999999999,1.05844368310413,21,0.21,0.409360180740332,0,0,0,0,0,0,135,1.35,0.770346898114313,0,0,0
0.2,0,0.9,4,0.9,1,0,100,40,0.879999999999999,1.28927197372091,35,0.35,0.479372485441102,0,0,0,0,0,0,129,1.29,0.728843001758349,0,0,0
0.3,0,0.9,4,0.9,1,0,100,56,1.08,1.19493882181423,47,0.47,0.501613558046592,0,0,0,0,0,0,126,1.26,0.645418977537581,0,0,0
0.4,0,0.9,4,0.9,1,0,100,65,1.05,0.998736575616788,56,0.56,0.498887651569859,0,0,0,0,0,0,130,1.3,0.717740562565273,0,0,0
0.5,0,0.9,4,0.9,1,0,100,78,1.31,1.0889249633274,66,0.66,0.476095228569524,0,0,0,0,0,0,121,1.21,0.591095541679972,0,0,0
0.6,0,0.9,4,0.9,1,0,100,86,1.29,0.879566008686309,74,0.74,0.440844002276808,0,0,0,0,0,0,115,1.15,0.435194139889245,0,0,0
0.7,0,0.9,4,0.9,1,0,100,86,1.07,0.607279078174012,70,0.7,0.460566186471838,0,0,0,0,0,0,107,1.07,0.293188669562103,0,0,0
0.8,0,0.9,4,0.9,1,0,100,81,1.04,0.695149137403135,75,0.75,0.435194139889245,0,0,0,0,0,0,105,1.05,0.261116483933547,0,0,0
0.9,0,0.9,4,0.9,1,0,100,86,0.9,0.414387707005374,81,0.81,0.394277244403662,0,0,0,0,0,0,101,1.01,0.1,0,0,0
1,0,0.9,4,0.9,1,0,100,90,0.9,0.301511344577763,76,0.76,0.429234695990929,0,0,0,0,0,0,100,1,0,0,0,0
0,0,0.9,5,0.9,1,0,100,0,0,0,0,0,0,0,0,0,0,0,0,100,1,0,0,0,0
0.1,0,0.9,5,0.9,1,0,100,38,0.949999999999999,1.46594334781051,33,0.33,0.472581562625261,0,0,0,0,0,0,155,1.55,1.05767994624407,0,0,0
0.2,0,0.9,5,0.9,1,0,100,45,1.11,1.52351931760353,40,0.4,0.492365963917331,0,0,0,0,0,0,155,1.55,1.14922020113948,0,0,0
0.3,0,0.9,5,0.9,1,0,100,62,1.25,1.3586609569571,51,0.51,0.502418393795691,0,0,0,0,0,0,145,1.45,0.978299906506541,0,0,0
0.4,0,0.9,5,0.9,1,0,100,73,1.33,1.25573432176901,68,0.68,0.46882617226215,0,0,0,0,0,0,119,1.19,0.544856574585172,0,0,0
0.5,0,0.9,5,0.9,1,0,100,78,1.26,1.00121138748231,66,0.66,0.476095228569524,0,0,0,0,0,0,111,1.11,0.423906793643331,0,0,0
0.6,0,0.9,5,0.9,1,0,100,83,1.32,1.06249183003395,72,0.72,0.451260859854213,0,0,0,0,0,0,113,1.13,0.580055727033745,0,0,0
0.7,0,0.9,5,0.9,1,0,100,85,1.14,0.710953265309715,77,0.77,0.422952584681651,0,0,0,0,0,0,106,1.06,0.277797979063414,0,0,0
0.8,0,0.9,5,0.9,1,0,100,84,1.03,0.626921289342053,68,0.68,0.46882617226215,0,0,0,0,0,0,108,1.08,0.272659924344291,0,0,0
0.9,0,0.9,5,0.9,1,0,100,91,1,0.449466574975495,84,0.84,0.368452949177472,0,0,0,0,0,0,104,1.04,0.242878362539562,0,0,0
1,0,0.9,5,0.9,1,0,100,92,0.92,0.272659924344291,77,0.77,0.422952584681651,0,0,0,0,0,0,100,1,0,0,0,0
0,0,0.9,6,0.9,1,0,100,0,0,0,0,0,0,0,0,0,0,0,0,100,1,0,0,0,0
0.1,0,0.9,6,0.9,1,0,100,32,0.900000000000001,1.61119818643133,29,0.29,0.456048021572069,0,0,0,0,0,0,173,1.73,1.24604424585416,0,0,0
0.2,0,0.9,6,0.9,1,0,100,62,1.6,1.72328087371066,54,0.54,0.500908265962033,0,0,0,0,0,0,162,1.62,1.2695342341651,0,0,0
0.3,0,0.9,6,0.9,1,0,100,68,1.51,1.47364044516163,60,0.6,0.492365963917331,0,0,0,0,0,0,134,1.34,0.831452422759794,0,0,0
0.4,0,0.9,6,0.9,1,0,100,76,1.54,1.43139403690559,70,0.7,0.460566186471838,0,0,0,0,0,0,124,1.24,0.698049229834635,0,0,0
0.5,0,0.9,6,0.9,1,0,100,80,1.42,1.19070473996612,67,0.67,0.47258156262526,0,0,0,0,0,0,124,1.24,0.698049229834635,0,0,0
0.6,0,0.9,6,0.9,1,0,100,81,1.16,0.861288675078328,64,0.64,0.482418151324422,0,0,0,0,0,0,108,1.08,0.307482445914323,0,0,0
0.7,0,0.9,6,0.9,1,0,100,87,1.05,0.609271795844942,65,0.65,0.479372485441102,0,0,0,0,0,0,111,1.11,0.399368187885502,0,0,0
0.8,0,0.9,6,0.9,1,0,100,91,1.1,0.559581373109678,73,0.73,0.446196043338474,0,0,0,0,0,0,110,1.1,0.414387707005374,0,0,0
0.9,0,0.9,6,0.9,1,0,100,86,0.94,0.488659266552758,75,0.75,0.435194139889245,0,0,0,0,0,0,102,1.02,0.2,0,0,0
1,0,0.9,6,0.9,1,0,100,92,0.92,0.272659924344291,82,0.82,0.38612291966537,0,0,0,0,0,0,100,1,0,0,0,0
0,0,0.9,7,0.9,1,0,100,0,0,0,0,0,0,0,0,0,0,0,0,100,1,0,0,0,0
0.1,0,0.9,7,0.9,1,0,100,44,1.38,1.93207900794178,36,0.36,0.482418151324422,0,0,0,0,0,0,179,1.79,1.3506077943435,0,0,0
0.2,0,0.9,7,0.9,1,0,100,62,1.53,1.68448055716733,51,0.51,0.502418393795691,0,0,0,0,0,0,173,1.73,1.36222485869865,0,0,0
0.3,0,0.9,7,0.9,1,0,100,72,1.69,1.78486906403735,63,0.63,0.48523658709391,0,0,0,0,0,0,148,1.48,0.881688004553617,0,0,0
0.4,0,0.9,7,0.9,1,0,100,69,1.48,1.57941300948975,52,0.52,0.502116731568678,0,0,0,0,0,0,165,1.65,1.12254220860554,0,0,0
0.5,0,0.9,7,0.9,1,0,100,80,1.47,1.3886626078295,68,0.68,0.46882617226215,0,0,0,0,0,0,114,1.14,0.532195756495975,0,0,0
0.6,0,0.9,7,0.9,1,0,100,81,1.36,1.08730042868667,72,0.72,0.451260859854213,0,0,0,0,0,0,122,1.22,0.62893207547044,0,0,0
0.7,0,0.9,7,0.9,1,0,100,88,1.21,0.820137953411658,82,0.82,0.38612291966537,0,0,0,0,0,0,105,1.05,0.329523684408054,0,0,0
0.8,0,0.9,7,0.9,1,0,100,86,1.07,0.65528157260367,72,0.72,0.451260859854212,0,0,0,0,0,0,102,1.02,0.14070529413629,0,0,0
0.9,0,0.9,7,0.9,1,0,100,92,0.97,0.388079966767238,78,0.78,0.416333199893226,0,0,0,0,0,0,100,1,0,0,0,0
1,0,0.9,7,0.9,1,0,100,92,0.92,0.272659924344291,78,0.78,0.416333199893226,0,0,0,0,0,0,100,1,0,0,0,0
0,0,0.9,8,0.9,1,0,100,0,0,0,0,0,0,0,0,0,0,0,0,100,1,0,0,0,0
0.1,0,0.9,8,0.9,1,0,100,36,1.26,2.03812153561543,29,0.29,0.456048021572068,0,0,0,0,0,0,244,2.44,2.0116830483127,0,0,0
0.2,0,0.9,8,0.9,1,0,100,54,1.52,1.90946605260754,45,0.45,0.5,0,0,0,0,0,0,195,1.95,1.74295117197206,0,0,0
0.3,0,0.9,8,0.9,1,0,100,66,1.59,1.84278555069725,59,0.59,0.49431107042371,0,0,0,0,0,0,159,1.59,1.21518174223721,0,0,0
0.4,0,0.9,8,0.9,1,0,100,73,1.55,1.55942879985531,62,0.62,0.487831731214563,0,0,0,0,0,0,136,1.36,0.91585363393278,0,0,0
0.5,0,0.9,8,0.9,1,0,100,80,1.33,1.11060089295586,65,0.65,0.479372485441102,0,0,0,0,0,0,114,1.14,0.449915817041636,0,0,0
0.6,0,0.9,8,0.9,1,0,100,84,1.32,0.97317557874759,71,0.71,0.456048021572068,0,0,0,0,0,0,117,1.17,0.493493012650993,0,0,0
0.7,0,0.9,8,0.9,1,0,100,88,1.22,0.773030243635886,73,0.73,0.446196043338474,0,0,0,0,0,0,110,1.1,0.389249472080761,0,0,0
0.8,0,0.9,8,0.9,1,0,100,85,1,0.586032715327688,76,0.76,0.429234695990929,0,0,0,0,0,0,105,1.05,0.261116483933547,0,0,0
0.9,0,0.9,8,0.9,1,0,100,90,1.06,0.565328187512316,81,0.81,0.394277244403662,0,0,0,0,0,0,102,1.02,0.14070529413629,0,0,0
1,0,0.9,8,0.9,1,0,100,86,0.86,0.348735088019778,74,0.74,0.440844002276808,0,0,0,0,0,0,100,1,0,0,0,0
0,0,0.9,9,0.9,1,0,100,0,0,0,0,0,0,0,0,0,0,0,0,100,1,0,0,0,0
0.1,0,0.9,9,0.9,1,0,100,36,1.31,2.11629082800235,34,0.34,0.476095228569524,0,0,0,0,0,0,211,2.11,1.797276278206,0,0,0
0.2,0,0.9,9,0.9,1,0,100,58,1.7,2.15790770343999,50,0.5,0.502518907629606,0,0,0,0,0,0,178,1.78,1.63039314834853,0,0,0
0.3,0,0.9,9,0.9,1,0,100,64,1.37,1.48157028353383,57,0.57,0.497569851956243,0,0,0,0,0,0,156,1.56,1.1833866825362,0,0,0
0.4,0,0.9,9,0.9,1,0,100,72,1.24,1.23189924814319,60,0.6,0.492365963917331,0,0,0,0,0,0,135,1.35,0.998736575616788,0,0,0
0.5,0,0.9,9,0.9,1,0,100,89,1.74,1.23599221990948,80,0.8,0.402015126103684,0,0,0,0,0,0,114,1.14,0.492776098069177,0,0,0
0.6,0,0.9,9,0.9,1,0,100,84,1.37,1.0015644328406,67,0.67,0.472581562625261,0,0,0,0,0,0,115,1.15,0.538891492235719,0,0,0
0.7,0,0.9,9,0.9,1,0,100,83,1.2,0.791367567103066,69,0.69,0.464823198711732,0,0,0,0,0,0,115,1.15,0.5,0,0,0
0.8,0,0.9,9,0.9,1,0,100,87,1,0.53181602347831,77,0.77,0.422952584681651,0,0,0,0,0,0,100,1,0,0,0,0
0.9,0,0.9,9,0.9,1,0,100,90,1.06,0.565328187512316,79,0.79,0.409360180740333,0,0,0,0,0,0,104,1.04,0.242878362539562,0,0,0
1,0,0.9,9,0.9,1,0,100,91,0.91,0.287623491264661,82,0.82,0.38612291966537,0,0,0,0,0,0,100,1,0,0,0,0
0,0,0.9,10,0.9,1,0,100,0,0,0,0,0,0,0,0,0,0,0,0,100,1,0,0,0,0
0.1,0,0.9,10,0.9,1,0,100,41,1.45,2.3629078131263,39,0.39,0.490207130000197,0,0,0,0,0,0,226,2.26,2.18174242292714,0,0,0
0.2,0,0.9,10,0.9,1,0,100,63,1.8,1.90692517849118,58,0.58,0.496044963748858,0,0,0,0,0,0,190,1.9,1.6298974374376,0,0,0
0.3,0,0.9,10,0.9,1,0,100,73,1.93,2.00632837176608,61,0.61,0.490207130000198,0,0,0,0,0,0,143,1.43,1.04692913134586,0,0,0
0.4,0,0.9,10,0.9,1,0,100,76,1.3,1.27525002500005,64,0.64,0.482418151324422,0,0,0,0,0,0,127,1.27,0.633333333333333,0,0,0
0.5,0,0.9,10,0.9,1,0,100,83,1.21,0.997927144564465,73,0.73,0.446196043338474,0,0,0,0,0,0,119,1.19,0.614554121031474,0,0,0
0.6,0,0.9,10,0.9,1,0,100,84,1.38,0.97213708140905,69,0.69,0.464823198711732,0,0,0,0,0,0,116,1.16,0.506921785850339,0,0,0
0.7,0,0.9,10,0.9,1,0,100,86,1.21,0.769297199928728,75,0.75,0.435194139889245,0,0,0,0,0,0,111,1.11,0.31446603773522,0,0,0
0.8,0,0.9,10,0.9,1,0,100,91,1.12,0.573488351136175,79,0.79,0.409360180740333,0,0,0,0,0,0,106,1.06,0.277797979063414,0,0,0
0.9,0,0.9,10,0.9,1,0,100,90,1,0.471404520791032,80,0.8,0.402015126103686,0,0,0,0,0,0,100,1,0,0,0,0
1,0,0.9,10,0.9,1,0,100,85,0.85,0.358870281282636,68,0.68,0.46882617226215,0,0,0,0,0,0,100,1,0,0,0,0
